A-APF,"형용사,직접목적어,복수,음성"
A-APF-C,"형용사,직접목적어,복수,음성,비교급"
A-APF-NUI,"형용사,직접목적어,복수,음성,불변화수사（형용사）"
A-APF-S,"형용사,직접목적어,복수,음성,최상급"
A-APM,"형용사,직접목적어,복수,양성"
A-APM-C,"형용사,직접목적어,복수,양성,비교급"
A-APM-LG,"형용사,직접목적어,복수,양성,비유태지명"
A-APM-NUI,"형용사,직접목적어,복수,양성,불변화수사（형용사）"
A-APM-PG,"형용사,직접목적어,복수,양성,비유태인명"
A-APM-S,"형용사,직접목적어,복수,양성,최상급"
A-APN,"형용사,직접목적어,복수,중성"
A-APN-C,"형용사,직접목적어,복수,중성,비교급"
A-APN-NUI,"형용사,직접목적어,복수,중성,불변화수사（형용사）"
A-APN-S,"형용사,직접목적어,복수,중성,최상급"
A-ASF,"형용사,직접목적어,단수,음성"
A-ASF-C,"형용사,직접목적어,단수,음성,비교급"
A-ASF-L,"형용사,직접목적어,단수,음성,지명"
A-ASF-LG,"형용사,직접목적어,단수,음성,비유태지명"
A-ASF-N,"형용사,직접목적어,단수,음성,부정사"
A-ASF-PG,"형용사,직접목적어,단수,음성,비유태인명"
A-ASF-S,"형용사,직접목적어,단수,음성,최상급"
A-ASM,"형용사,직접목적어,단수,양성"
A-ASM-C,"형용사,직접목적어,단수,양성,비교급"
A-ASM-LG,"형용사,직접목적어,단수,양성,비유태지명"
A-ASM-N,"형용사,직접목적어,단수,양성,부정사"
A-ASM-PG,"형용사,직접목적어,단수,양성,비유태인명"
A-ASM-S,"형용사,직접목적어,단수,양성,최상급"
A-ASN,"형용사,직접목적어,단수,중성"
A-ASN-C,"형용사,직접목적어,단수,중성,비교급"
A-ASN-LG,"형용사,직접목적어,단수,중성,비유태지명"
A-ASN-N,"형용사,직접목적어,단수,중성,부정사"
A-ASN-S,"형용사,직접목적어,단수,중성,최상급"
A-DPF,"형용사,간접목적어,복수,음성"
A-DPF-C,"형용사,간접목적어,복수,음성,비교급"
A-DPF-NUI,"형용사,간접목적어,복수,음성,불변화수사（형용사）"
A-DPF-S,"형용사,간접목적어,복수,음성,최상급"
A-DPM,"형용사,간접목적어,복수,양성"
A-DPM-C,"형용사,간접목적어,복수,양성,비교급"
A-DPM-LG,"형용사,간접목적어,복수,양성,비유태지명"
A-DPM-NUI,"형용사,간접목적어,복수,양성,불변화수사（형용사）"
A-DPM-PG,"형용사,간접목적어,복수,양성,비유태인명"
A-DPM-S,"형용사,간접목적어,복수,양성,최상급"
A-DPN,"형용사,간접목적어,복수,중성"
A-DPN-LG,"형용사,간접목적어,복수,중성,비유태지명"
A-DPN-NUI,"형용사,간접목적어,복수,중성,불변화수사（형용사）"
A-DPN-S,"형용사,간접목적어,복수,중성,최상급"
A-DSF,"형용사,간접목적어,단수,음성"
A-DSF-C,"형용사,간접목적어,단수,음성,비교급"
A-DSF-L,"형용사,간접목적어,단수,음성,지명"
A-DSF-LG,"형용사,간접목적어,단수,음성,비유태지명"
A-DSF-PG,"형용사,간접목적어,단수,음성,비유태인명"
A-DSF-S,"형용사,간접목적어,단수,음성,최상급"
A-DSM,"형용사,간접목적어,단수,양성"
A-DSM-C,"형용사,간접목적어,단수,양성,비교급"
A-DSM-N,"형용사,간접목적어,단수,양성,부정사"
A-DSM-PG,"형용사,간접목적어,단수,양성,비유태인명"
A-DSM-S,"형용사,간접목적어,단수,양성,최상급"
A-DSN,"형용사,간접목적어,단수,중성"
A-DSN-C,"형용사,간접목적어,단수,중성,비교급"
A-DSN-LG,"형용사,간접목적어,단수,중성,비유태지명"
A-DSN-N,"형용사,간접목적어,단수,중성,부정사"
A-DSN-S,"형용사,간접목적어,단수,중성,최상급"
A-GMS,"형용사,소유격,양성,최상급"
A-GPF,"형용사,소유격,복수,음성"
A-GPF-L,"형용사,소유격,복수,음성,지명"
A-GPF-NUI,"형용사,소유격,복수,음성,불변화수사（형용사）"
A-GPF-S,"형용사,소유격,복수,음성,최상급"
A-GPM,"형용사,소유격,복수,양성"
A-GPM-C,"형용사,소유격,복수,양성,비교급"
A-GPM-LG,"형용사,소유격,복수,양성,비유태지명"
A-GPM-NUI,"형용사,소유격,복수,양성,불변화수사（형용사）"
A-GPM-PG,"형용사,소유격,복수,양성,비유태인명"
A-GPM-S,"형용사,소유격,복수,양성,최상급"
A-GPN,"형용사,소유격,복수,중성"
A-GPN-C,"형용사,소유격,복수,중성,비교급"
A-GPN-NUI,"형용사,소유격,복수,중성,불변화수사（형용사）"
A-GPN-S,"형용사,소유격,복수,중성,최상급"
A-GSF,"형용사,소유격,단수,음성"
A-GSF-C,"형용사,소유격,단수,음성,비교급"
A-GSF-L,"형용사,소유격,단수,음성,지명"
A-GSF-LG,"형용사,소유격,단수,음성,비유태지명"
A-GSF-PG,"형용사,소유격,단수,음성,비유태인명"
A-GSF-S,"형용사,소유격,단수,음성,최상급"
A-GSM,"형용사,소유격,단수,양성"
A-GSM-C,"형용사,소유격,단수,양성,비교급"
A-GSM-N,"형용사,소유격,단수,양성,부정사"
A-GSM-PG,"형용사,소유격,단수,양성,비유태인명"
A-GSM-S,"형용사,소유격,단수,양성,최상급"
A-GSN,"형용사,소유격,단수,중성"
A-GSN-N,"형용사,소유격,단수,중성,부정사"
A-GSN-S,"형용사,소유격,단수,중성,최상급"
A-NPF,"형용사,주격,복수,음성"
A-NPF-C,"형용사,주격,복수,음성,비교급"
A-NPF-NUI,"형용사,주격,복수,음성,불변화수사（형용사）"
A-NPF-S,"형용사,주격,복수,음성,최상급"
A-NPM,"형용사,주격,복수,양성"
A-NPM-C,"형용사,주격,복수,양성,비교급"
A-NPM-LG,"형용사,주격,복수,양성,비유태지명"
A-NPM-NUI,"형용사,주격,복수,양성,불변화수사（형용사）"
A-NPM-PG,"형용사,주격,복수,양성,비유태인명"
A-NPM-S,"형용사,주격,복수,양성,최상급"
A-NPN,"형용사,주격,복수,중성"
A-NPN-C,"형용사,주격,복수,중성,비교급"
A-NPN-NUI,"형용사,주격,복수,중성,불변화수사（형용사）"
A-NPN-S,"형용사,주격,복수,중성,최상급"
A-NSF,"형용사,주격,단수,음성"
A-NSF-C,"형용사,주격,단수,음성,비교급"
A-NSF-LG,"형용사,주격,단수,음성,비유태지명"
A-NSF-N,"형용사,주격,단수,음성,부정사"
A-NSF-S,"형용사,주격,단수,음성,최상급"
A-NSM,"형용사,주격,단수,양성"
A-NSM-ATT,"형용사,주격,단수,양성,애틱그리스어"
A-NSM-C,"형용사,주격,단수,양성,비교급"
A-NSM-LG,"형용사,주격,단수,양성,비유태지명"
A-NSM-N,"형용사,주격,단수,양성,부정사"
A-NSM-PG,"형용사,주격,단수,양성,비유태인명"
A-NSM-S,"형용사,주격,단수,양성,최상급"
A-NSM-T,"형용사,주격,단수,양성,호칭"
A-NSN,"형용사,주격,단수,중성"
A-NSN-C,"형용사,주격,단수,중성,비교급"
A-NSN-N,"형용사,주격,단수,중성,중성"
A-NSN-S,"형용사,주격,단수,중성,최상급"
A-NUI,불변화수사（형용사）
A-NUI-ABB,"형용사,주격,축약형태"
A-VPF,"형용사,호격,복수,음성"
A-VPM,"형용사,호격,복수,양성"
A-VPM-C,"형용사,호격,복수,양성,비교급"
A-VPM-PG,"형용사,호격,복수,양성,비유태인명"
A-VPN,"형용사,호격,복수,중성"
A-VSF,"형용사,호격,단수,음성"
A-VSM,"형용사,호격,단수,양성"
A-VSM-S,"형용사,호격,단수,양성,최상급"
A-VSN,"형용사,호격,단수,중성"
ADV,부사／부사＋조사
ADV-C,"부사,축약형태"
ADV-I,"부사,의문사"
ADV-K,"부사,카이"
ADV-N,"부사,부정사"
ADV-S,"부사,최상급"
ARAM,아람어음역사 (불변화사)
C-APM,"상호대명사,직접목적어,복수,양성"
C-DPM,"상호대명사,간접목적어,복수,양성"
C-DPN,"상호대명사,간접목적어,복수,중성"
C-GPM,"상호대명사,소유격,복수,양성"
C-GPN,"상호대명사,소유격,복수,중성"
COND,조건조사 또는 접속사
COND-C,축약형태
COND-K,"조건조사,카이"
COND-P,축약형태
CONJ,접속사／접속조사
CONJ-N,"접속사,부정사"
D-APF,"지시대명사,직접목적어,복수,음성"
D-APM,"지시대명사,직접목적어,복수,양성"
D-APM-C,"지시대명사,직접목적어,복수,양성,축약형태"
D-APM-K,"지시대명사,직접목적어,복수,양성,카이"
D-APN,"지시대명사,직접목적어,복수,중성"
D-APN-K,"지시대명사,직접목적어,복수,중성,카이"
D-ASF,"지시대명사,직접목적어,단수,음성"
D-ASM,"지시대명사,직접목적어,단수,양성"
D-ASM-C,"지시대명사,직접목적어,단수,양성,축약형태"
D-ASM-K,"지시대명사,직접목적어,단수,양성,카이"
D-ASN,"지시대명사,직접목적어,단수,중성"
D-DPF,"지시대명사,간접목적어,복수,음성"
D-DPM,"지시대명사,간접목적어,복수,양성"
D-DPM-C,"지시대명사,간접목적어,복수,양성,축약형태"
D-DPM-K,"지시대명사,간접목적어,복수,양성,카이"
D-DPN,"지시대명사,간접목적어,복수,중성"
D-DSF,"지시대명사,간접목적어,단수,음성"
D-DSM,"지시대명사,간접목적어,단수,양성"
D-DSN,"지시대명사,간접목적어,단수,중성"
D-GPF,"지시대명사,소유격,복수,음성"
D-GPM,"지시대명사,소유격,복수,양성"
D-GPN,"지시대명사,소유격,복수,중성"
D-GSF,"지시대명사,소유격,단수,음성"
D-GSM,"지시대명사,소유격,단수,양성"
D-GSN,"지시대명사,소유격,단수,중성"
D-NPF,"지시대명사,주격,복수,음성"
D-NPM,"지시대명사,주격,복수,양성"
D-NPM-C,"지시대명사,주격,복수,양성,축약형태"
D-NPM-K,"지시대명사,주격,복수,양성,카이"
D-NPN,"지시대명사,주격,복수,중성"
D-NPN-C,"지시대명사,주격,복수,중성,축약형태"
D-NPN-K,"지시대명사,주격,복수,중성,카이"
D-NSF,"지시대명사,주격,단수,음성"
D-NSM,"지시대명사,주격,단수,양성"
D-NSM-C,"지시대명사,주격,단수,양성,축약형태"
D-NSM-K,"지시대명사,주격,단수,양성,카이"
D-NSN,"지시대명사,주격,단수,중성"
F-1APM,"재귀대명사,1인칭,직접목적어,복수,양성"
F-1ASM,"재귀대명사,1인칭,직접목적어,단수,양성"
F-1DPM,"재귀대명사,1인칭,간접목적어,복수,양성"
F-1DSM,"재귀대명사,1인칭,간접목적어,단수,양성"
F-1GPM,"재귀대명사,1인칭,소유격,복수,양성"
F-1GSM,"재귀대명사,1인칭,소유격,단수,양성"
F-2APF,"재귀대명사,2인칭,직접목적어,복수,음성"
F-2APM,"재귀대명사,2인칭,직접목적어,복수,양성"
F-2APN,"재귀대명사,2인칭,직접목적어,복수,중성"
F-2ASM,"재귀대명사,2인칭,직접목적어,단수,양성"
F-2ASM-C,"재귀대명사,2인칭,직접목적어,단수,양성,축약형태"
F-2DPF,"재귀대명사,2인칭,간접목적어,복수,음성"
F-2DPM,"재귀대명사,2인칭,간접목적어,복수,양성"
F-2DSM,"재귀대명사,2인칭,간접목적어,단수,양성"
F-2GPM,"재귀대명사,2인칭,소유격,복수,양성"
F-2GSM,"재귀대명사,2인칭,소유격,단수,양성"
F-3APF,"재귀대명사,3인칭,직접목적어,복수,음성"
F-3APM,"재귀대명사,3인칭,직접목적어,복수,양성"
F-3APN,"재귀대명사,3인칭,직접목적어,복수,중성"
F-3ASF,"재귀대명사,3인칭,직접목적어,단수,음성"
F-3ASM,"재귀대명사,3인칭,직접목적어,단수,양성"
F-3ASN,"재귀대명사,3인칭,직접목적어,단수,중성"
F-3DPF,"재귀대명사,3인칭,간접목적어,복수,음성"
F-3DPM,"재귀대명사,3인칭,간접목적어,복수,양성"
F-3DSF,"재귀대명사,3인칭,간접목적어,단수,음성"
F-3DSM,"재귀대명사,3인칭,간접목적어,단수,양성"
F-3GPF,"재귀대명사,3인칭,소유격,복수,음성"
F-3GPM,"재귀대명사,3인칭,소유격,복수,양성"
F-3GPN,"재귀대명사,3인칭,소유격,복수,중성"
F-3GSF,"재귀대명사,3인칭,소유격,단수,음성"
F-3GSM,"재귀대명사,3인칭,소유격,단수,양성"
F-3GSN,"재귀대명사,3인칭,소유격,단수,중성"
F-3NSM,"재귀대명사,3인칭,주격,단수,양성"
F-GPF,"재귀대명사,소유격,복수,음성"
HEB,히브리어음역사 (불변화사)
HEB-T,"히브리어음역사,호칭"
I-APF,"의문대명사,직접목적어,복수,음성"
I-APM,"의문대명사,직접목적어,복수,양성"
I-APN,"의문대명사,직접목적어,복수,중성"
I-ASF,"의문대명사,직접목적어,단수,음성"
I-ASM,"의문대명사,직접목적어,단수,양성"
I-ASN,"의문대명사,직접목적어,단수,중성"
I-DPM,"의문대명사,간접목적어,복수,양성"
I-DPN,"의문대명사,간접목적어,복수,중성"
I-DSF,"의문대명사,간접목적어,단수,음성"
I-DSM,"의문대명사,간접목적어,단수,양성"
I-DSN,"의문대명사,간접목적어,단수,중성"
I-GPM,"의문대명사,소유격,복수,양성"
I-GPN,"의문대명사,소유격,복수,중성"
I-GSF,"의문대명사,소유격,단수,음성"
I-GSM,"의문대명사,소유격,단수,양성"
I-GSN,"의문대명사,소유격,단수,중성"
I-NPF,"의문대명사,주격,복수,음성"
I-NPM,"의문대명사,주격,복수,양성"
I-NPN,"의문대명사,주격,복수,중성"
I-NSF,"의문대명사,주격,단수,음성"
I-NSM,"의문대명사,주격,단수,양성"
I-NSN,"의문대명사,주격,단수,중성"
INJ,감탄사
K-APF,"관계대명사,직접목적어,복수,음성"
K-APM,"관계대명사,직접목적어,복수,양성"
K-APN,"관계대명사,직접목적어,복수,중성"
K-ASM,"관계대명사,직접목적어,단수,양성"
K-ASN,"관계대명사,직접목적어,단수,중성"
K-DSN,"관계대명사,간접목적어,단수,중성"
K-GPM,"관계대명사,소유격,복수,양성"
K-GSN,"관계대명사,소유격,단수,중성"
K-NPF,"관계대명사,주격,복수,음성"
K-NPM,"관계대명사,주격,복수,양성"
K-NPN,"관계대명사,주격,복수,중성"
K-NSF,"관계대명사,주격,단수,음성"
K-NSM,"관계대명사,주격,단수,양성"
K-NSN,"관계대명사,주격,단수,중성"
N-APF,"명사,직접목적어,복수,음성"
N-APF-C,"명사,직접목적어,복수,음성,축약형태"
N-APF-L,"명사,직접목적어,복수,음성,지명"
N-APF-S,"명사,직접목적어,복수,음성,최상급"
N-APM,"명사,직접목적어,복수,양성"
N-APM-L,"명사,직접목적어,복수,양성,지명"
N-APM-LG,"명사,직접목적어,복수,양성,비유태지명"
N-APM-P,"명사,직접목적어,복수,양성,인명"
N-APM-PG,"명사,직접목적어,복수,양성,비유태인명"
N-APM-T,"명사,직접목적어,복수,양성,호칭"
N-APN,"명사,직접목적어,복수,중성"
N-APN-C,"명사,직접목적어,복수,중성,축약형태"
N-APN-L,"명사,직접목적어,복수,중성,지명"
N-APN-S,"명사,직접목적어,복수,중성,최상급"
N-ASF,"명사,직접목적어,단수,음성"
N-ASF-C,"명사,직접목적어,단수,음성,축약형태"
N-ASF-L,"명사,직접목적어,단수,음성,지명"
N-ASF-P,"명사,직접목적어,단수,음성,인명"
N-ASF-S,"명사,직접목적어,단수,음성,최상급"
N-ASF-T,"명사,직접목적어,단수,음성,호칭"
N-ASM,"명사,직접목적어,단수,양성"
N-ASM-L,"명사,직접목적어,단수,양성,지명"
N-ASM-LG,"명사,직접목적어,단수,양성,비유태지명"
N-ASM-P,"명사,직접목적어,단수,양성,인명"
N-ASM-S,"명사,직접목적어,단수,양성,최상급"
N-ASM-T,"명사,직접목적어,단수,양성,호칭"
N-ASN,"명사,직접목적어,단수,중성"
N-ASN-L,"명사,직접목적어,단수,중성,지명"
N-DPF,"명사,간접목적어,복수,음성"
N-DPF-L,"명사,간접목적어,복수,음성,지명"
N-DPM,"명사,간접목적어,복수,양성"
N-DPM-L,"명사,간접목적어,복수,양성,지명"
N-DPM-LG,"명사,간접목적어,복수,양성,비유태지명"
N-DPM-S,"명사,간접목적어,복수,양성,최상급"
N-DPM-T,"명사,간접목적어,복수,양성,호칭"
N-DPN,"명사,간접목적어,복수,중성"
N-DPN-L,"명사,간접목적어,복수,중성,지명"
N-DSF,"명사,간접목적어,단수,음성"
N-DSF-L,"명사,간접목적어,단수,음성,지명"
N-DSF-LG,"명사,간접목적어,단수,음성,비유태지명"
N-DSF-P,"명사,간접목적어,단수,음성,인명"
N-DSF-T,"명사,간접목적어,단수,음성,호칭"
N-DSM,"명사,간접목적어,단수,양성"
N-DSM-L,"명사,간접목적어,단수,양성,지명"
N-DSM-LG,"명사,간접목적어,단수,양성,비유태지명"
N-DSM-P,"명사,간접목적어,단수,양성,인명"
N-DSM-T,"명사,간접목적어,단수,양성,호칭"
N-DSN,"명사,간접목적어,단수,중성"
N-DSN-L,"명사,간접목적어,단수,중성,지명"
N-GMP,"명사,소유격,양성,부속조사"
N-GPF,"명사,소유격,복수,음성"
N-GPF-L,"명사,소유격,복수,음성,지명"
N-GPF-LG,"명사,소유격,복수,음성,비유태지명"
N-GPM,"명사,소유격,복수,양성"
N-GPM-L,"명사,소유격,복수,양성,지명"
N-GPM-LG,"명사,소유격,복수,양성,비유태지명"
N-GPM-PG,"명사,소유격,복수,양성,비유태인명"
N-GPM-T,"명사,소유격,복수,양성,호칭"
N-GPN,"명사,소유격,복수,중성"
N-GPN-L,"명사,소유격,복수,중성,지명"
N-GSF,"명사,소유격,단수,음성"
N-GSF-L,"명사,소유격,단수,음성,지명"
N-GSF-LG,"명사,소유격,단수,음성,비유태지명"
N-GSF-P,"명사,소유격,단수,음성,인명"
N-GSF-T,"명사,소유격,단수,음성,호칭"
N-GSM,"명사,소유격,단수,양성"
N-GSM-L,"명사,소유격,단수,양성,지명"
N-GSM-LG,"명사,소유격,단수,양성,비유태지명"
N-GSM-P,"명사,소유격,단수,양성,인명"
N-GSM-PG,"명사,소유격,단수,양성,비유태인명"
N-GSM-T,"명사,소유격,단수,양성,호칭"
N-GSN,"명사,소유격,단수,중성"
N-GSN-L,"명사,소유격,단수,중성,지명"
N-LI,불변화자모（명사）
N-NAM,"명사,주격"
N-NPF,"명사,주격,복수,음성"
N-NPM,"명사,주격,복수,양성"
N-NPM-L,"명사,주격,복수,양성,지명"
N-NPM-LG,"명사,주격,복수,양성,비유태지명"
N-NPM-PG,"명사,주격,복수,양성,비유태인명"
N-NPM-S,"명사,주격,복수,양성,최상급"
N-NPM-T,"명사,주격,복수,양성,호칭"
N-NPN,"명사,주격,복수,중성"
N-NPN-L,"명사,주격,복수,중성,지명"
N-NPN-T,"명사,주격,복수,중성,호칭"
N-NSF,"명사,주격,단수,음성"
N-NSF-L,"명사,주격,단수,음성,지명"
N-NSF-LG,"명사,주격,단수,음성,비유태지명"
N-NSF-P,"명사,주격,단수,음성,인명"
N-NSF-T,"명사,주격,단수,음성,호칭"
N-NSM,"명사,주격,단수,양성"
N-NSM-C,"명사,주격,단수,양성,비교급"
N-NSM-L,"명사,주격,단수,양성,지명"
N-NSM-LG,"명사,주격,단수,양성,비유태지명"
N-NSM-P,"명사,주격,단수,양성,인명"
N-NSM-PG,"명사,주격,단수,양성,비유태인명"
N-NSM-T,"명사,주격,단수,양성,호칭"
N-NSN,"명사,주격,단수,중성"
N-NSN-C,"명사,주격,단수,중성,축약형태"
N-NSN-L,"명사,주격,단수,중성,지명"
N-NSN-LI,"명사,주격,단수,중성,불변화자모（명사）"
N-NSN-T,"명사,주격,단수,중성,호칭"
N-OI,불변화명사
N-PRI,불변화고유명사
N-VPF,"명사,호격,복수,음성"
N-VPM,"명사,호격,복수,양성"
N-VPM-LG,"명사,호격,복수,양성,비유태지명"
N-VPM-PG,"명사,호격,복수,양성,비유태인명"
N-VPM-T,"명사,호격,복수,양성,호칭"
N-VPN,"명사,호격,복수,중성"
N-VSF,"명사,호격,단수,음성"
N-VSF-L,"명사,호격,단수,음성,지명"
N-VSF-P,"명사,호격,단수,음성,인명"
N-VSM,"명사,호격,단수,양성"
N-VSM-L,"명사,호격,단수,양성,지명"
N-VSM-P,"명사,호격,단수,양성,인명"
N-VSM-T,"명사,호격,단수,양성,호칭"
N-VSN,"명사,호격,단수,중성"
P-1AP,"인칭대명사,1인칭,직접목적어,복수"
P-1AS,"인칭대명사,1인칭,직접목적어,단수"
P-1AS-C,"인칭대명사,1인칭,직접목적어,단수,축약형태"
P-1AS-K,"인칭대명사,1인칭,직접목적어,단수,카이"
P-1DP,"인칭대명사,1인칭,간접목적어,복수"
P-1DS,"인칭대명사,1인칭,간접목적어,단수"
P-1DS-C,"인칭대명사,1인칭,간접목적어,단수,축약형태"
P-1DS-K,"인칭대명사,1인칭,간접목적어,단수,카이"
P-1GP,"인칭대명사,1인칭,소유격,복수"
P-1GS,"인칭대명사,1인칭,소유격,단수"
P-1NP,"인칭대명사,1인칭,주격,복수"
P-1NS,"인칭대명사,1인칭,주격,단수"
P-1NS-C,"인칭대명사,1인칭,주격,단수,축약형태"
P-1NS-K,"인칭대명사,1인칭,주격,단수,카이"
P-2AP,"인칭대명사,2인칭,직접목적어,복수"
P-2AS,"인칭대명사,2인칭,직접목적어,단수"
P-2DP,"인칭대명사,2인칭,간접목적어,복수"
P-2DS,"인칭대명사,2인칭,간접목적어,단수"
P-2GP,"인칭대명사,2인칭,소유격,복수"
P-2GS,"인칭대명사,2인칭,소유격,단수"
P-2NP,"인칭대명사,2인칭,주격,복수"
P-2NS,"인칭대명사,2인칭,주격,단수"
P-APF,"인칭대명사,직접목적어,복수,음성"
P-APM,"인칭대명사,직접목적어,복수,양성"
P-APN,"인칭대명사,직접목적어,복수,중성"
P-ASF,"인칭대명사,직접목적어,단수,음성"
P-ASM,"인칭대명사,직접목적어,단수,양성"
P-ASN,"인칭대명사,직접목적어,단수,중성"
P-DPF,"인칭대명사,간접목적어,복수,음성"
P-DPM,"인칭대명사,간접목적어,복수,양성"
P-DPN,"인칭대명사,간접목적어,복수,중성"
P-DSF,"인칭대명사,간접목적어,단수,음성"
P-DSM,"인칭대명사,간접목적어,단수,양성"
P-DSN,"인칭대명사,간접목적어,단수,중성"
P-GPF,"인칭대명사,소유격,복수,음성"
P-GPM,"인칭대명사,소유격,복수,양성"
P-GPN,"인칭대명사,소유격,복수,중성"
P-GSF,"인칭대명사,소유격,단수,음성"
P-GSM,"인칭대명사,소유격,단수,양성"
P-GSN,"인칭대명사,소유격,단수,중성"
P-NPM,"인칭대명사,주격,복수,양성"
P-NPN,"인칭대명사,주격,복수,중성"
P-NSF,"인칭대명사,주격,단수,음성"
P-NSM,"인칭대명사,주격,단수,양성"
P-NSN,"인칭대명사,주격,단수,중성"
PREP,전치사
PRT,"조사,반대조사"
PRT-I,"조사,의문사"
PRT-N,"조사,부정사"
Q-APF,"관계 또는 의문대명사,직접목적어,복수,음성"
Q-APM,"관계 또는 의문대명사,직접목적어,복수,양성"
Q-APN,"관계 또는 의문대명사,직접목적어,복수,중성"
Q-ASF,"관계 또는 의문대명사,직접목적어,단수,음성"
Q-ASN,"관계 또는 의문대명사,직접목적어,단수,중성"
Q-DSN,"관계 또는 의문대명사,간접목적어,단수,중성"
Q-GPF,"관계 또는 의문대명사,소유격,복수,음성"
Q-GPN,"관계 또는 의문대명사,소유격,복수,중성"
Q-NPF,"관계 또는 의문대명사,주격,복수,음성"
Q-NPM,"관계 또는 의문대명사,주격,복수,양성"
Q-NSM,"관계 또는 의문대명사,주격,단수,양성"
Q-NSN,"관계 또는 의문대명사,주격,단수,중성"
R-APF,"관계대명사,직접목적어,복수,음성"
R-APM,"관계대명사,직접목적어,복수,양성"
R-APN,"관계대명사,직접목적어,복수,중성"
R-ASF,"관계대명사,직접목적어,단수,음성"
R-ASM,"관계대명사,직접목적어,단수,양성"
R-ASM-P,"관계대명사,직접목적어,단수,양성,부속조사"
R-ASN,"관계대명사,직접목적어,단수,중성"
R-DPF,"관계대명사,간접목적어,복수,음성"
R-DPM,"관계대명사,간접목적어,복수,양성"
R-DPN,"관계대명사,간접목적어,복수,중성"
R-DSF,"관계대명사,간접목적어,단수,음성"
R-DSM,"관계대명사,간접목적어,단수,양성"
R-DSN,"관계대명사,간접목적어,단수,중성"
R-GPF,"관계대명사,소유격,복수,음성"
R-GPM,"관계대명사,소유격,복수,양성"
R-GPN,"관계대명사,소유격,복수,중성"
R-GSF,"관계대명사,소유격,단수,음성"
R-GSM,"관계대명사,소유격,단수,양성"
R-GSN,"관계대명사,소유격,단수,중성"
R-GSN-ATT,"관계대명사,소유격,단수,중성,애틱 그리스어"
R-NPF,"관계대명사,주격,복수,음성"
R-NPM,"관계대명사,주격,복수,양성"
R-NPN,"관계대명사,주격,복수,중성"
R-NSF,"관계대명사,주격,단수,음성"
R-NSM,"관계대명사,주격,단수,양성"
R-NSN,"관계대명사,주격,단수,중성"
S-1APF,"소유대명사,1인칭,직접목적어,복수,음성"
S-1APM,"소유대명사,1인칭,직접목적어,복수,양성"
S-1APN,"소유대명사,1인칭,직접목적어,복수,중성"
S-1ASF,"소유대명사,1인칭,직접목적어,단수,음성"
S-1ASM,"소유대명사,1인칭,직접목적어,단수,양성"
S-1ASN,"소유대명사,1인칭,직접목적어,단수,중성"
S-1DPF,"소유대명사,1인칭,간접목적어,복수,음성"
S-1DPM,"소유대명사,1인칭,간접목적어,복수,양성"
S-1DPN,"소유대명사,1인칭,간접목적어,복수,중성"
S-1DSF,"소유대명사,1인칭,간접목적어,단수,음성"
S-1DSM,"소유대명사,1인칭,간접목적어,단수,양성"
S-1DSN,"소유대명사,1인칭,간접목적어,단수,중성"
S-1GPF,"소유대명사,1인칭,소유격,복수,음성"
S-1GPN,"소유대명사,1인칭,소유격,복수,중성"
S-1GSF,"소유대명사,1인칭,소유격,단수,음성"
S-1NPF,"소유대명사,1인칭,주격,복수,음성"
S-1NPM,"소유대명사,1인칭,주격,복수,양성"
S-1NPN,"소유대명사,1인칭,주격,복수,중성"
S-1NSF,"소유대명사,1인칭,주격,단수,음성"
S-1NSM,"소유대명사,1인칭,주격,단수,양성"
S-1NSN,"소유대명사,1인칭,주격,단수,중성"
S-1PASF,"소유대명사,1인칭,복수,직접목적어,단수,음성"
S-1PASN,"소유대명사,1인칭,복수,직접목적어,단수,중성"
S-1PDPF,"소유대명사,1인칭,복수,간접목적어,복수,음성"
S-1PDPM,"소유대명사,1인칭,복수,간접목적어,복수,양성"
S-1PGPF,"소유대명사,1인칭,복수,소유격,복수,음성"
S-1PGSF,"소유대명사,1인칭,복수,소유격,단수,음성"
S-1PNPM,"소유대명사,1인칭,복수,주격,복수,양성"
S-1PNSF,"소유대명사,1인칭,복수,주격,단수,음성"
S-1SAPF,"소유대명사,1인칭,단수,직접목적어,복수,음성"
S-1SAPM,"소유대명사,1인칭,단수,직접목적어,복수,양성"
S-1SAPN,"소유대명사,1인칭,단수,직접목적어,복수,중성"
S-1SASF,"소유대명사,1인칭,단수,직접목적어,단수,음성"
S-1SASM,"소유대명사,1인칭,단수,직접목적어,단수,양성"
S-1SASN,"소유대명사,1인칭,단수,직접목적어,단수,중성"
S-1SDPN,"소유대명사,1인칭,단수,간접목적어,복수,중성"
S-1SDSF,"소유대명사,1인칭,단수,간접목적어,단수,음성"
S-1SDSM,"소유대명사,1인칭,단수,간접목적어,단수,양성"
S-1SDSN,"소유대명사,1인칭,단수,간접목적어,단수,중성"
S-1SGPN,"소유대명사,1인칭,단수,소유격,복수,중성"
S-1SGSF,"소유대명사,1인칭,단수,소유격,단수,음성"
S-1SGSN,"소유대명사,1인칭,단수,소유격,단수,중성"
S-1SNPM,"소유대명사,1인칭,단수,주격,복수,양성"
S-1SNPN,"소유대명사,1인칭,단수,주격,복수,중성"
S-1SNSF,"소유대명사,1인칭,단수,주격,단수,음성"
S-1SNSM,"소유대명사,1인칭,단수,주격,단수,양성"
S-1SNSN,"소유대명사,1인칭,단수,주격,단수,중성"
S-2APF,"소유대명사,2인칭,직접목적어,복수,음성"
S-2APM,"소유대명사,2인칭,직접목적어,복수,양성"
S-2APN,"소유대명사,2인칭,직접목적어,복수,중성"
S-2ASF,"소유대명사,2인칭,직접목적어,단수,음성"
S-2ASN,"소유대명사,2인칭,직접목적어,단수,중성"
S-2DPF,"소유대명사,2인칭,간접목적어,복수,음성"
S-2DPM,"소유대명사,2인칭,간접목적어,복수,양성"
S-2DSF,"소유대명사,2인칭,간접목적어,단수,음성"
S-2DSM,"소유대명사,2인칭,간접목적어,단수,양성"
S-2GPF,"소유대명사,2인칭,소유격,복수,음성"
S-2GSF,"소유대명사,2인칭,소유격,단수,음성"
S-2NPF,"소유대명사,2인칭,주격,복수,음성"
S-2NPM,"소유대명사,2인칭,주격,복수,양성"
S-2NPN,"소유대명사,2인칭,주격,복수,중성"
S-2NSM,"소유대명사,2인칭,주격,단수,양성"
S-2NSN,"소유대명사,2인칭,주격,단수,중성"
S-2PASF,"소유대명사,2인칭,복수,직접목적어,단수,음성"
S-2PASM,"소유대명사,2인칭,복수,직접목적어,단수,양성"
S-2PASN,"소유대명사,2인칭,복수,직접목적어,단수,중성"
S-2PDSF,"소유대명사,2인칭,복수,간접목적어,단수,음성"
S-2PDSM,"소유대명사,2인칭,복수,간접목적어,단수,양성"
S-2PDSN,"소유대명사,2인칭,복수,간접목적어,단수,중성"
S-2PGSF,"소유대명사,2인칭,복수,소유격,단수,음성"
S-2PNSF,"소유대명사,2인칭,복수,주격,단수,음성"
S-2PNSM,"소유대명사,2인칭,복수,주격,단수,양성"
S-2SAPM,"소유대명사,2인칭,단수,직접목적어,복수,양성"
S-2SAPN,"소유대명사,2인칭,단수,직접목적어,복수,중성"
S-2SASF,"소유대명사,2인칭,단수,직접목적어,단수,음성"
S-2SASN,"소유대명사,2인칭,단수,직접목적어,단수,중성"
S-2SDSF,"소유대명사,2인칭,단수,간접목적어,단수,음성"
S-2SDSM,"소유대명사,2인칭,단수,간접목적어,단수,양성"
S-2SDSN,"소유대명사,2인칭,단수,간접목적어,단수,중성"
S-2SGSF,"소유대명사,2인칭,단수,소유격,단수,음성"
S-2SNPM,"소유대명사,2인칭,단수,주격,복수,양성"
S-2SNPN,"소유대명사,2인칭,단수,주격,복수,중성"
S-2SNSM,"소유대명사,2인칭,단수,주격,단수,양성"
S-2SNSN,"소유대명사,2인칭,단수,주격,단수,중성"
T-APF,"관사,직접목적어,복수,음성"
T-APM,"관사,직접목적어,복수,양성"
T-APN,"관사,직접목적어,복수,중성"
T-ASF,"관사,직접목적어,단수,음성"
T-ASM,"관사,직접목적어,단수,양성"
T-ASN,"관사,직접목적어,단수,중성"
T-DPF,"관사,간접목적어,복수,음성"
T-DPM,"관사,간접목적어,복수,양성"
T-DPN,"관사,간접목적어,복수,중성"
T-DSF,"관사,간접목적어,단수,음성"
T-DSM,"관사,간접목적어,단수,양성"
T-DSN,"관사,간접목적어,단수,중성"
T-GPF,"관사,소유격,복수,음성"
T-GPM,"관사,소유격,복수,양성"
T-GPN,"관사,소유격,복수,중성"
T-GSF,"관사,소유격,단수,음성"
T-GSM,"관사,소유격,단수,양성"
T-GSN,"관사,소유격,단수,중성"
T-NPF,"관사,주격,복수,음성"
T-NPM,"관사,주격,복수,양성"
T-NPN,"관사,주격,복수,중성"
T-NSF,"관사,주격,단수,음성"
T-NSM,"관사,주격,단수,양성"
T-NSN,"관사,주격,단수,중성"
T-VPF,"관사,호격,복수,음성"
T-VPM,"관사,호격,복수,양성"
T-VPN,"관사,호격,복수,중성"
T-VSF,"관사,호격,단수,음성"
T-VSM,"관사,호격,단수,양성"
T-VSN,"관사,호격,단수,중성"
V-2AAI-1P,"동사,제2단순과거시제,능동,직설법,1인칭,복수"
V-2AAI-1S,"동사,제2단순과거시제,능동,직설법,1인칭,단수"
V-2AAI-2P,"동사,제2단순과거시제,능동,직설법,2인칭,복수"
V-2AAI-2S,"동사,제2단순과거시제,능동,직설법,2인칭,단수"
V-2AAI-3P,"동사,제2단순과거시제,능동,직설법,3인칭,복수"
V-2AAI-3P-ATT,"동사,제2단순과거시제,능동,직설법,3인칭,복수,애틱형태"
V-2AAI-3S,"동사,제2단순과거시제,능동,직설법,3인칭,단수"
V-2AAM-2P,"동사,제2단순과거시제,능동,명령법,2인칭,복수"
V-2AAM-2S,"동사,제2단순과거시제,능동,명령법,2인칭,단수"
V-2AAM-2S-AP,"동사,제2단순과거시제,능동,명령법,2인칭,단수,축약형태"
V-2AAM-2S-ATT,"동사,제2단순과거시제,능동,명령법,2인칭,단수,애틱형태"
V-2AAM-3P,"동사,제2단순과거시제,능동,명령법,3인칭,복수"
V-2AAM-3S,"동사,제2단순과거시제,능동,명령법,3인칭,단수"
V-2AAN,"동사,제2단순과거시제,능동,부정법"
V-2AAO-3P,"동사,제2단순과거시제,능동,희구법,3인칭,복수"
V-2AAO-3S,"동사,제2단순과거시제,능동,희구법,3인칭,단수"
V-2AAP-APF,"동사,제2단순과거시제,능동,부정법,직접목적어,복수,음성"
V-2AAP-APM,"동사,제2단순과거시제,능동,부정법,직접목적어,복수,양성"
V-2AAP-ASF,"동사,제2단순과거시제,능동,부정법,직접목적어,단수,음성"
V-2AAP-ASM,"동사,제2단순과거시제,능동,부정법,직접목적어,단수,양성"
V-2AAP-ASN,"동사,제2단순과거시제,능동,부정법,직접목적어,단수,중성"
V-2AAP-DPF,"동사,제2단순과거시제,능동,부정법,간접목적어,복수,음성"
V-2AAP-DPM,"동사,제2단순과거시제,능동,부정법,간접목적어,복수,양성"
V-2AAP-DSF,"동사,제2단순과거시제,능동,부정법,간접목적어,단수,음성"
V-2AAP-DSM,"동사,제2단순과거시제,능동,부정법,간접목적어,단수,양성"
V-2AAP-GPM,"동사,제2단순과거시제,능동,부정법,소유격,복수,양성"
V-2AAP-GSF,"동사,제2단순과거시제,능동,부정법,소유격,단수,음성"
V-2AAP-GSM,"동사,제2단순과거시제,능동,부정법,소유격,단수,양성"
V-2AAP-GSN,"동사,제2단순과거시제,능동,부정법,소유격,단수,중성"
V-2AAP-NPF,"동사,제2단순과거시제,능동,부정법,주격,복수,음성"
V-2AAP-NPM,"동사,제2단순과거시제,능동,부정법,주격,복수,양성"
V-2AAP-NPN,"동사,제2단순과거시제,능동,부정법,주격,복수,중성"
V-2AAP-NSF,"동사,제2단순과거시제,능동,부정법,주격,단수,음성"
V-2AAP-NSM,"동사,제2단순과거시제,능동,부정법,주격,단수,양성"
V-2AAP-NSN,"동사,제2단순과거시제,능동,부정법,주격,단수,중성"
V-2AAS-1P,"동사,제2단순과거시제,능동,가정법,1인칭,복수"
V-2AAS-1S,"동사,제2단순과거시제,능동,가정법,1인칭,단수"
V-2AAS-2P,"동사,제2단순과거시제,능동,가정법,2인칭,복수"
V-2AAS-2S,"동사,제2단순과거시제,능동,가정법,2인칭,단수"
V-2AAS-3P,"동사,제2단순과거시제,능동,가정법,3인칭,복수"
V-2AAS-3S,"동사,제2단순과거시제,능동,가정법,3인칭,단수"
V-2ADI-1S,"동사,제2단순과거시제,증간형능동태,직설법,1인칭,단수"
V-2ADI-2P,"동사,제2단순과거시제,증간형능동태,직설법,2인칭,복수"
V-2ADI-2S,"동사,제2단순과거시제,증간형능동태,직설법,2인칭,단수"
V-2ADI-3P,"동사,제2단순과거시제,증간형능동태,직설법,3인칭,복수"
V-2ADI-3S,"동사,제2단순과거시제,증간형능동태,직설법,3인칭,단수"
V-2ADM-2P,"동사,제2단순과거시제,증간형능동태,명령법,2인칭,복수"
V-2ADM-2S,"동사,제2단순과거시제,증간형능동태,명령법,2인칭,단수"
V-2ADM-3S,"동사,제2단순과거시제,증간형능동태,명령법,3인칭,단수"
V-2ADN,"동사,제2단순과거시제,증간형능동태,부정법"
V-2ADO-1S,"동사,제2단순과거시제,증간형능동태,희구법,1인칭,단수"
V-2ADO-3S,"동사,제2단순과거시제,증간형능동태,희구법,3인칭,단수"
V-2ADP-APM,"동사,제2단순과거시제,증간형능동태,부정법,직접목적어,복수,양성"
V-2ADP-APN,"동사,제2단순과거시제,증간형능동태,부정법,직접목적어,복수,중성"
V-2ADP-ASF,"동사,제2단순과거시제,증간형능동태,부정법,직접목적어,단수,음성"
V-2ADP-ASM,"동사,제2단순과거시제,증간형능동태,부정법,직접목적어,단수,양성"
V-2ADP-ASN,"동사,제2단순과거시제,증간형능동태,부정법,직접목적어,단수,중성"
V-2ADP-DPM,"동사,제2단순과거시제,증간형능동태,부정법,간접목적어,복수,양성"
V-2ADP-DPN,"동사,제2단순과거시제,증간형능동태,부정법,간접목적어,복수,중성"
V-2ADP-GPF,"동사,제2단순과거시제,증간형능동태,부정법,소유격,복수,음성"
V-2ADP-GPM,"동사,제2단순과거시제,증간형능동태,부정법,소유격,복수,양성"
V-2ADP-GPN,"동사,제2단순과거시제,증간형능동태,부정법,소유격,복수,중성"
V-2ADP-GSF,"동사,제2단순과거시제,증간형능동태,부정법,소유격,단수,음성"
V-2ADP-GSM,"동사,제2단순과거시제,증간형능동태,부정법,소유격,단수,양성"
V-2ADP-GSN,"동사,제2단순과거시제,증간형능동태,부정법,소유격,단수,중성"
V-2ADP-NPF,"동사,제2단순과거시제,증간형능동태,부정법,주격,복수,음성"
V-2ADP-NPM,"동사,제2단순과거시제,증간형능동태,부정법,주격,복수,양성"
V-2ADP-NSM,"동사,제2단순과거시제,증간형능동태,부정법,주격,단수,양성"
V-2ADS-1P,"동사,제2단순과거시제,증간형능동태,가정법,1인칭,복수"
V-2ADS-1S,"동사,제2단순과거시제,증간형능동태,가정법,1인칭,단수"
V-2ADS-2P,"동사,제2단순과거시제,증간형능동태,가정법,2인칭,복수"
V-2ADS-3P,"동사,제2단순과거시제,증간형능동태,가정법,3인칭,복수"
V-2ADS-3S,"동사,제2단순과거시제,증간형능동태,가정법,3인칭,단수"
V-2AMI-1P,"동사,제2단순과거시제,중간태,직설법,1인칭,복수"
V-2AMI-1S,"동사,제2단순과거시제,중간태,직설법,1인칭,단수"
V-2AMI-2P,"동사,제2단순과거시제,중간태,직설법,2인칭,복수"
V-2AMI-2S,"동사,제2단순과거시제,중간태,직설법,2인칭,단수"
V-2AMI-3P,"동사,제2단순과거시제,중간태,직설법,3인칭,복수"
V-2AMI-3S,"동사,제2단순과거시제,중간태,직설법,3인칭,단수"
V-2AMM-2P,"동사,제2단순과거시제,중간태,명령법,2인칭,복수"
V-2AMM-2S,"동사,제2단순과거시제,중간태,명령법,2인칭,단수"
V-2AMN,"동사,제2단순과거시제,중간태,부정법"
V-2AMP-GSM,"동사,제2단순과거시제,중간태,부정법,소유격,단수,양성"
V-2AMP-NPM,"동사,제2단순과거시제,중간태,부정법,주격,복수,양성"
V-2AMP-NSM,"동사,제2단순과거시제,중간태,부정법,주격,단수,양성"
V-2AMS-1P,"동사,제2단순과거시제,중간태,가정법,1인칭,복수"
V-2AMS-1S,"동사,제2단순과거시제,중간태,가정법,1인칭,단수"
V-2AMS-2S,"동사,제2단순과거시제,중간태,가정법,2인칭,단수"
V-2AMS-3P,"동사,제2단순과거시제,중간태,가정법,3인칭,복수"
V-2AMS-3S,"동사,제2단순과거시제,중간태,가정법,3인칭,단수"
V-2AOI-1P,"동사,제2단순과거시제,수동형능동태,직설법,1인칭,복수"
V-2AOI-1S,"동사,제2단순과거시제,수동형능동태,직설법,1인칭,단수"
V-2AOI-2P,"동사,제2단순과거시제,수동형능동태,직설법,2인칭,복수"
V-2AOI-3P,"동사,제2단순과거시제,수동형능동태,직설법,3인칭,복수"
V-2AOI-3S,"동사,제2단순과거시제,수동형능동태,직설법,3인칭,단수"
V-2AOM-2P,"동사,제2단순과거시제,수동형능동태,명령법,2인칭,복수"
V-2AON,"동사,제2단순과거시제,수동형능동태,부정법"
V-2AOS-2P,"동사,제2단순과거시제,수동형능동태,가정법,2인칭,복수"
V-2API-1P,"동사,제2단순과거시제,수동태,직설법,1인칭,복수"
V-2API-1S,"동사,제2단순과거시제,수동태,직설법,1인칭,단수"
V-2API-2P,"동사,제2단순과거시제,수동태,직설법,2인칭,복수"
V-2API-2S,"동사,제2단순과거시제,수동태,직설법,2인칭,단수"
V-2API-3P,"동사,제2단순과거시제,수동태,직설법,3인칭,복수"
V-2API-3S,"동사,제2단순과거시제,수동태,직설법,3인칭,단수"
V-2APM-2P,"동사,제2단순과거시제,수동태,명령법,2인칭,복수"
V-2APM-2S,"동사,제2단순과거시제,수동태,명령법,2인칭,단수"
V-2APM-3S,"동사,제2단순과거시제,수동태,명령법,3인칭,단수"
V-2APN,"동사,제2단순과거시제,수동태,부정법"
V-2APP-ASM,"동사,제2단순과거시제,수동태,부정법,직접목적어,단수,양성"
V-2APP-DSN,"동사,제2단순과거시제,수동태,부정법,간접목적어,단수,중성"
V-2APP-GPM,"동사,제2단순과거시제,수동태,부정법,소유격,복수,양성"
V-2APP-NPF,"동사,제2단순과거시제,수동태,부정법,주격,복수,음성"
V-2APP-NPM,"동사,제2단순과거시제,수동태,부정법,주격,복수,양성"
V-2APP-NSF,"동사,제2단순과거시제,수동태,부정법,주격,단수,음성"
V-2APP-NSM,"동사,제2단순과거시제,수동태,부정법,주격,단수,양성"
V-2APP-NSN,"동사,제2단순과거시제,수동태,부정법,주격,단수,중성"
V-2APS-1P,"동사,제2단순과거시제,수동태,가정법,1인칭,복수"
V-2APS-2P,"동사,제2단순과거시제,수동태,가정법,2인칭,복수"
V-2APS-2S,"동사,제2단순과거시제,수동태,가정법,2인칭,단수"
V-2APS-3P,"동사,제2단순과거시제,수동태,가정법,3인칭,복수"
V-2APS-3S,"동사,제2단순과거시제,수동태,가정법,3인칭,단수"
V-2AXM-2P,"동사,제2단순과거시제,무지정태,명령법,2인칭,복수"
V-2AXP-GPM,"동사,제2단순과거시제,무지정태,부정법,소유격,복수,양성"
V-2AXS-2P,"동사,제2단순과거시제,무지정태,가정법,2인칭,복수"
V-2FAI-1S,"동사,제2미래시제,능동,직설법,1인칭,단수"
V-2FAI-3S,"동사,제2미래시제,능동,직설법,3인칭,단수"
V-2FDI-2S,"동사,제2미래시제,증간형능동태,직설법,2인칭,단수"
V-2FDI-3P,"동사,제2미래시제,증간형능동태,직설법,3인칭,복수"
V-2FDI-3S,"동사,제2미래시제,증간형능동태,직설법,3인칭,단수"
V-2FMI-3S,"동사,제2미래시제,중간태,직설법,3인칭,단수"
V-2FOI-1S,"동사,제2미래시제,수동형능동태,직설법,1인칭,단수"
V-2FOI-3P,"동사,제2미래시제,수동형능동태,직설법,3인칭,복수"
V-2FOI-3S,"동사,제2미래시제,수동형능동태,직설법,3인칭,단수"
V-2FPI-1P,"동사,제2미래시제,수동태,직설법,1인칭,복수"
V-2FPI-2P,"동사,제2미래시제,수동태,직설법,2인칭,복수"
V-2FPI-2S,"동사,제2미래시제,수동태,직설법,2인칭,단수"
V-2FPI-3P,"동사,제2미래시제,수동태,직설법,3인칭,복수"
V-2FPI-3S,"동사,제2미래시제,수동태,직설법,3인칭,단수"
V-2LAI-1S,"동사,제2과거완료시제,능동,직설법,1인칭,단수"
V-2LAI-2P,"동사,제2과거완료시제,능동,직설법,2인칭,복수"
V-2LAI-2S,"동사,제2과거완료시제,능동,직설법,2인칭,단수"
V-2LAI-3P,"동사,제2과거완료시제,능동,직설법,3인칭,복수"
V-2LAI-3S,"동사,제2과거완료시제,능동,직설법,3인칭,단수"
V-2PAI-2S,"동사,제2현재진행시제,능동,직설법,2인칭,단수"
V-2PAN,"동사,제2현재진행시제,능동,부정법"
V-2PAP-NSM,"동사,제2현재진행시제,능동,부정법,주격,단수,양성"
V-2RAI-1P,"동사,제2현재완료시제,능동,직설법,1인칭,복수"
V-2RAI-1P-ATT,"동사,제2현재완료시제,능동,직설법,1인칭,복수,애틱형태"
V-2RAI-1S,"동사,제2현재완료시제,능동,직설법,1인칭,단수"
V-2RAI-2P,"동사,제2현재완료시제,능동,직설법,2인칭,복수"
V-2RAI-2P-ATT,"동사,제2현재완료시제,능동,직설법,2인칭,복수,애틱형태"
V-2RAI-2S,"동사,제2현재완료시제,능동,직설법,2인칭,단수"
V-2RAI-3P,"동사,제2현재완료시제,능동,직설법,3인칭,복수"
V-2RAI-3P-ATT,"동사,제2현재완료시제,능동,직설법,3인칭,복수,애틱형태"
V-2RAI-3P-C,"동사,제2현재완료시제,능동,직설법,3인칭,복수,축약형태"
V-2RAI-3S,"동사,제2현재완료시제,능동,직설법,3인칭,단수"
V-2RAI-3S-ATT,"동사,제2현재완료시제,능동,직설법,3인칭,단수,애틱형태"
V-2RAN,"동사,제2현재완료시제,능동,부정법"
V-2RAP-APM,"동사,제2현재완료시제,능동,부정법,직접목적어,복수,양성"
V-2RAP-APM-ATT,"동사,제2현재완료시제,능동,부정법,직접목적어,복수,양성,애틱형태"
V-2RAP-APN,"동사,제2현재완료시제,능동,부정법,직접목적어,복수,중성"
V-2RAP-ASF,"동사,제2현재완료시제,능동,부정법,직접목적어,단수,음성"
V-2RAP-ASM,"동사,제2현재완료시제,능동,부정법,직접목적어,단수,양성"
V-2RAP-ASN,"동사,제2현재완료시제,능동,부정법,직접목적어,단수,중성"
V-2RAP-DSN,"동사,제2현재완료시제,능동,부정법,간접목적어,단수,중성"
V-2RAP-GPN,"동사,제2현재완료시제,능동,부정법,소유격,복수,중성"
V-2RAP-NPF,"동사,제2현재완료시제,능동,부정법,주격,복수,음성"
V-2RAP-NPM,"동사,제2현재완료시제,능동,부정법,주격,복수,양성"
V-2RAP-NSF,"동사,제2현재완료시제,능동,부정법,주격,단수,음성"
V-2RAP-NSM,"동사,제2현재완료시제,능동,부정법,주격,단수,양성"
V-2RAP-NSN,"동사,제2현재완료시제,능동,부정법,주격,단수,중성"
V-2RPP-APF,"동사,제2현재완료시제,수동태,부정법,직접목적어,복수,음성"
V-2RPP-ASM,"동사,제2현재완료시제,수동태,부정법,직접목적어,단수,양성"
V-2RPP-ASN,"동사,제2현재완료시제,수동태,부정법,직접목적어,단수,중성"
V-2RPP-GSF,"동사,제2현재완료시제,수동태,부정법,소유격,단수,음성"
V-2RPP-NSM,"동사,제2현재완료시제,수동태,부정법,주격,단수,양성"
V-AAI-1P,"동사,단순과거시제,능동,직설법,1인칭,복수"
V-AAI-1S,"동사,단순과거시제,능동,직설법,1인칭,단수"
V-AAI-2P,"동사,단순과거시제,능동,직설법,2인칭,복수"
V-AAI-2S,"동사,단순과거시제,능동,직설법,2인칭,단수"
V-AAI-3P,"동사,단순과거시제,능동,직설법,3인칭,복수"
V-AAI-3S,"동사,단순과거시제,능동,직설법,3인칭,단수"
V-AAM-2P,"동사,단순과거시제,능동,명령법,2인칭,복수"
V-AAM-2S,"동사,단순과거시제,능동,명령법,2인칭,단수"
V-AAM-3P,"동사,단순과거시제,능동,명령법,3인칭,복수"
V-AAM-3S,"동사,단순과거시제,능동,명령법,3인칭,단수"
V-AAN,"동사,단순과거시제,능동,부정법"
V-AAO-3P,"동사,단순과거시제,능동,희구법,3인칭,복수"
V-AAO-3P-A,"동사,단순과거시제,능동,희구법,3인칭,복수,에올리아그리스어"
V-AAO-3S,"동사,단순과거시제,능동,희구법,3인칭,단수"
V-AAP-APM,"동사,단순과거시제,능동,부정법,직접목적어,복수,양성"
V-AAP-APN,"동사,단순과거시제,능동,부정법,직접목적어,복수,중성"
V-AAP-ASF,"동사,단순과거시제,능동,부정법,직접목적어,단수,음성"
V-AAP-ASM,"동사,단순과거시제,능동,부정법,직접목적어,단수,양성"
V-AAP-ASN,"동사,단순과거시제,능동,부정법,직접목적어,단수,중성"
V-AAP-DPM,"동사,단순과거시제,능동,부정법,간접목적어,복수,양성"
V-AAP-DSM,"동사,단순과거시제,능동,부정법,간접목적어,단수,양성"
V-AAP-GPM,"동사,단순과거시제,능동,부정법,소유격,복수,양성"
V-AAP-GSF,"동사,단순과거시제,능동,부정법,소유격,단수,음성"
V-AAP-GSM,"동사,단순과거시제,능동,부정법,소유격,단수,양성"
V-AAP-NPF,"동사,단순과거시제,능동,부정법,주격,복수,음성"
V-AAP-NPM,"동사,단순과거시제,능동,부정법,주격,복수,양성"
V-AAP-NSF,"동사,단순과거시제,능동,부정법,주격,단수,음성"
V-AAP-NSM,"동사,단순과거시제,능동,부정법,주격,단수,양성"
V-AAP-NSN,"동사,단순과거시제,능동,부정법,주격,단수,중성"
V-AAPNS,"동사,단순과거시제,능동,부정법,주격,단수"
V-AAS-1P,"동사,단순과거시제,능동,가정법,1인칭,복수"
V-AAS-1S,"동사,단순과거시제,능동,가정법,1인칭,단수"
V-AAS-2P,"동사,단순과거시제,능동,가정법,2인칭,복수"
V-AAS-2S,"동사,단순과거시제,능동,가정법,2인칭,단수"
V-AAS-3P,"동사,단순과거시제,능동,가정법,3인칭,복수"
V-AAS-3S,"동사,단순과거시제,능동,가정법,3인칭,단수"
V-ADI-1P,"동사,단순과거시제,증간형능동태,직설법,1인칭,복수"
V-ADI-1S,"동사,단순과거시제,증간형능동태,직설법,1인칭,단수"
V-ADI-2P,"동사,단순과거시제,증간형능동태,직설법,2인칭,복수"
V-ADI-2S,"동사,단순과거시제,증간형능동태,직설법,2인칭,단수"
V-ADI-3P,"동사,단순과거시제,증간형능동태,직설법,3인칭,복수"
V-ADI-3S,"동사,단순과거시제,증간형능동태,직설법,3인칭,단수"
V-ADM-2P,"동사,단순과거시제,증간형능동태,명령법,2인칭,복수"
V-ADM-2S,"동사,단순과거시제,증간형능동태,명령법,2인칭,단수"
V-ADM-3P,"동사,단순과거시제,증간형능동태,명령법,3인칭,복수"
V-ADM-3S,"동사,단순과거시제,증간형능동태,명령법,3인칭,단수"
V-ADN,"동사,단순과거시제,증간형능동태,부정법"
V-ADO-1S,"동사,단순과거시제,증간형능동태,희구법,1인칭,단수"
V-ADP-APM,"동사,단순과거시제,증간형능동태,부정법,직접목적어,복수,양성"
V-ADP-ASM,"동사,단순과거시제,증간형능동태,부정법,직접목적어,단수,양성"
V-ADP-DPM,"동사,단순과거시제,증간형능동태,부정법,간접목적어,복수,양성"
V-ADP-GSF,"동사,단순과거시제,증간형능동태,부정법,소유격,단수,음성"
V-ADP-NPM,"동사,단순과거시제,증간형능동태,부정법,주격,복수,양성"
V-ADP-NSF,"동사,단순과거시제,증간형능동태,부정법,주격,단수,음성"
V-ADP-NSM,"동사,단순과거시제,증간형능동태,부정법,주격,단수,양성"
V-ADS-1P,"동사,단순과거시제,증간형능동태,가정법,1인칭,복수"
V-ADS-1S,"동사,단순과거시제,증간형능동태,가정법,1인칭,단수"
V-ADS-2P,"동사,단순과거시제,증간형능동태,가정법,2인칭,복수"
V-ADS-2S,"동사,단순과거시제,증간형능동태,가정법,2인칭,단수"
V-ADS-3P,"동사,단순과거시제,증간형능동태,가정법,3인칭,복수"
V-ADS-3S,"동사,단순과거시제,증간형능동태,가정법,3인칭,단수"
V-AMI-1P,"동사,단순과거시제,중간태,직설법,1인칭,복수"
V-AMI-1S,"동사,단순과거시제,중간태,직설법,1인칭,단수"
V-AMI-2P,"동사,단순과거시제,중간태,직설법,2인칭,복수"
V-AMI-2S,"동사,단순과거시제,중간태,직설법,2인칭,단수"
V-AMI-3P,"동사,단순과거시제,중간태,직설법,3인칭,복수"
V-AMI-3S,"동사,단순과거시제,중간태,직설법,3인칭,단수"
V-AMM-2P,"동사,단순과거시제,중간태,명령법,2인칭,복수"
V-AMM-2S,"동사,단순과거시제,중간태,명령법,2인칭,단수"
V-AMM-3S,"동사,단순과거시제,중간태,명령법,3인칭,단수"
V-AMN,"동사,단순과거시제,중간태,부정법"
V-AMP-APM,"동사,단순과거시제,중간태,부정법,직접목적어,복수,양성"
V-AMP-ASN,"동사,단순과거시제,중간태,부정법,직접목적어,단수,중성"
V-AMP-DPM,"동사,단순과거시제,중간태,부정법,간접목적어,복수,양성"
V-AMP-GPM,"동사,단순과거시제,중간태,부정법,소유격,복수,양성"
V-AMP-GSM,"동사,단순과거시제,중간태,부정법,소유격,단수,양성"
V-AMP-NPM,"동사,단순과거시제,중간태,부정법,주격,복수,양성"
V-AMP-NSF,"동사,단순과거시제,중간태,부정법,주격,단수,음성"
V-AMP-NSM,"동사,단순과거시제,중간태,부정법,주격,단수,양성"
V-AMP-NSN,"동사,단순과거시제,중간태,부정법,주격,단수,중성"
V-AMPNP,"동사,단순과거시제,중간태,부정법,주격,복수"
V-AMS-1P,"동사,단순과거시제,중간태,가정법,1인칭,복수"
V-AMS-1S,"동사,단순과거시제,중간태,가정법,1인칭,단수"
V-AMS-2P,"동사,단순과거시제,중간태,가정법,2인칭,복수"
V-AMS-2S,"동사,단순과거시제,중간태,가정법,2인칭,단수"
V-AMS-3P,"동사,단순과거시제,중간태,가정법,3인칭,복수"
V-AMS-3S,"동사,단순과거시제,중간태,가정법,3인칭,단수"
V-ANI-3P,"동사,단순과거시제,중간형 또는 수동형능동태,직설법,3인칭,복수"
V-ANI-3S,"동사,단순과거시제,중간형 또는 수동형능동태,직설법,3인칭,단수"
V-ANP-NSM,"동사,단순과거시제,중간형 또는 수동형능동태,부정법,주격,단수,양성"
V-ANP-NSN,"동사,단순과거시제,중간형 또는 수동형능동태,부정법,주격,단수,중성"
V-AOI-1P,"동사,단순과거시제,수동형능동태,직설법,1인칭,복수"
V-AOI-1P-ATT,"동사,단순과거시제,수동형능동태,직설법,1인칭,복수,애틱형태"
V-AOI-1S,"동사,단순과거시제,수동형능동태,직설법,1인칭,단수"
V-AOI-1S-ATT,"동사,단순과거시제,수동형능동태,직설법,1인칭,단수,애틱형태"
V-AOI-2P,"동사,단순과거시제,수동형능동태,직설법,2인칭,복수"
V-AOI-2P-ATT,"동사,단순과거시제,수동형능동태,직설법,2인칭,복수,애틱형태"
V-AOI-3P,"동사,단순과거시제,수동형능동태,직설법,3인칭,복수"
V-AOI-3P-ATT,"동사,단순과거시제,수동형능동태,직설법,3인칭,복수,애틱형태"
V-AOI-3S,"동사,단순과거시제,수동형능동태,직설법,3인칭,단수"
V-AOI-3S-ATT,"동사,단순과거시제,수동형능동태,직설법,3인칭,단수,애틱형태"
V-AOM-2P,"동사,단순과거시제,수동형능동태,명령법,2인칭,복수"
V-AOM-2S,"동사,단순과거시제,수동형능동태,명령법,2인칭,단수"
V-AOM-3S,"동사,단순과거시제,수동형능동태,명령법,3인칭,단수"
V-AON,"동사,단순과거시제,수동형능동태,부정법"
V-AOO-3S,"동사,단순과거시제,수동형능동태,희구법,3인칭,단수"
V-AOP-APM,"동사,단순과거시제,수동형능동태,부정법,직접목적어,복수,양성"
V-AOP-ASM,"동사,단순과거시제,수동형능동태,부정법,직접목적어,단수,양성"
V-AOP-DSM,"동사,단순과거시제,수동형능동태,부정법,간접목적어,단수,양성"
V-AOP-GPM,"동사,단순과거시제,수동형능동태,부정법,소유격,복수,양성"
V-AOP-GPN,"동사,단순과거시제,수동형능동태,부정법,소유격,복수,중성"
V-AOP-GSM,"동사,단순과거시제,수동형능동태,부정법,소유격,단수,양성"
V-AOP-NPF,"동사,단순과거시제,수동형능동태,부정법,주격,복수,음성"
V-AOP-NPM,"동사,단순과거시제,수동형능동태,부정법,주격,복수,양성"
V-AOP-NSF,"동사,단순과거시제,수동형능동태,부정법,주격,단수,음성"
V-AOP-NSM,"동사,단순과거시제,수동형능동태,부정법,주격,단수,양성"
V-AOP-NSN,"동사,단순과거시제,수동형능동태,부정법,주격,단수,중성"
V-AOS-1P,"동사,단순과거시제,수동형능동태,가정법,1인칭,복수"
V-AOS-1S,"동사,단순과거시제,수동형능동태,가정법,1인칭,단수"
V-AOS-2P,"동사,단순과거시제,수동형능동태,가정법,2인칭,복수"
V-AOS-2S,"동사,단순과거시제,수동형능동태,가정법,2인칭,단수"
V-AOS-3P,"동사,단순과거시제,수동형능동태,가정법,3인칭,복수"
V-AOS-3S,"동사,단순과거시제,수동형능동태,가정법,3인칭,단수"
V-API,"동사,단순과거시제,수동태,직설법"
V-API-1P,"동사,단순과거시제,수동태,직설법,1인칭,복수"
V-API-1S,"동사,단순과거시제,수동태,직설법,1인칭,단수"
V-API-2P,"동사,단순과거시제,수동태,직설법,2인칭,복수"
V-API-2S,"동사,단순과거시제,수동태,직설법,2인칭,단수"
V-API-3P,"동사,단순과거시제,수동태,직설법,3인칭,복수"
V-API-3S,"동사,단순과거시제,수동태,직설법,3인칭,단수"
V-API-3S-M,"동사,단순과거시제,수동태,직설법,3인칭,단수,중간 중대성"
V-APM-2P,"동사,단순과거시제,수동태,명령법,2인칭,복수"
V-APM-2S,"동사,단순과거시제,수동태,명령법,2인칭,단수"
V-APM-3P,"동사,단순과거시제,수동태,명령법,3인칭,복수"
V-APM-3S,"동사,단순과거시제,수동태,명령법,3인칭,단수"
V-APN,"동사,단순과거시제,수동태,부정법"
V-APN-M,"동사,단순과거시제,수동태,부정법,양성"
V-APO-3S,"동사,단순과거시제,수동태,희구법,3인칭,단수"
V-APP-APM,"동사,단순과거시제,수동태,부정법,직접목적어,복수,양성"
V-APP-APN,"동사,단순과거시제,수동태,부정법,직접목적어,복수,중성"
V-APP-ASF,"동사,단순과거시제,수동태,부정법,직접목적어,단수,음성"
V-APP-ASM,"동사,단순과거시제,수동태,부정법,직접목적어,단수,양성"
V-APP-ASN,"동사,단순과거시제,수동태,부정법,직접목적어,단수,중성"
V-APP-DPN,"동사,단순과거시제,수동태,부정법,간접목적어,복수,중성"
V-APP-DSF,"동사,단순과거시제,수동태,부정법,간접목적어,단수,음성"
V-APP-DSM,"동사,단순과거시제,수동태,부정법,간접목적어,단수,양성"
V-APP-GPF,"동사,단순과거시제,수동태,부정법,소유격,복수,음성"
V-APP-GPM,"동사,단순과거시제,수동태,부정법,소유격,복수,양성"
V-APP-GPN,"동사,단순과거시제,수동태,부정법,소유격,복수,중성"
V-APP-GSF,"동사,단순과거시제,수동태,부정법,소유격,단수,음성"
V-APP-GSM,"동사,단순과거시제,수동태,부정법,소유격,단수,양성"
V-APP-GSN,"동사,단순과거시제,수동태,부정법,소유격,단수,중성"
V-APP-NPM,"동사,단순과거시제,수동태,부정법,주격,복수,양성"
V-APP-NPN,"동사,단순과거시제,수동태,부정법,주격,복수,중성"
V-APP-NSF,"동사,단순과거시제,수동태,부정법,주격,단수,음성"
V-APP-NSM,"동사,단순과거시제,수동태,부정법,주격,단수,양성"
V-APP-NSM-M,"동사,단순과거시제,수동태,부정법,주격,단수,양성,중간 중대성"
V-APP-NSN,"동사,단순과거시제,수동태,부정법,주격,단수,중성"
V-APS-1P,"동사,단순과거시제,수동태,가정법,1인칭,복수"
V-APS-1S,"동사,단순과거시제,수동태,가정법,1인칭,단수"
V-APS-2P,"동사,단순과거시제,수동태,가정법,2인칭,복수"
V-APS-2S,"동사,단순과거시제,수동태,가정법,2인칭,단수"
V-APS-3P,"동사,단순과거시제,수동태,가정법,3인칭,복수"
V-APS-3S,"동사,단순과거시제,수동태,가정법,3인칭,단수"
V-FAI-1P,"동사,미래시제,능동,직설법,1인칭,복수"
V-FAI-1S,"동사,미래시제,능동,직설법,1인칭,단수"
V-FAI-1S-ATT,"동사,미래시제,능동,직설법,1인칭,단수,애틱형태"
V-FAI-2P,"동사,미래시제,능동,직설법,2인칭,복수"
V-FAI-2S,"동사,미래시제,능동,직설법,2인칭,단수"
V-FAI-3P,"동사,미래시제,능동,직설법,3인칭,복수"
V-FAI-3P-ATT,"동사,미래시제,능동,직설법,3인칭,복수,애틱형태"
V-FAI-3S,"동사,미래시제,능동,직설법,3인칭,단수"
V-FAI-3S-ATT,"동사,미래시제,능동,직설법,3인칭,단수,애틱형태"
V-FAN,"동사,미래시제,능동,부정법"
V-FAP-APN,"동사,미래시제,능동,부정법,직접목적어,복수,중성"
V-FAP-GPM,"동사,미래시제,능동,부정법,소유격,복수,양성"
V-FAP-NPM,"동사,미래시제,능동,부정법,주격,복수,양성"
V-FAP-NSM,"동사,미래시제,능동,부정법,주격,단수,양성"
V-FDI-1P,"동사,미래시제,증간형능동태,직설법,1인칭,복수"
V-FDI-1S,"동사,미래시제,증간형능동태,직설법,1인칭,단수"
V-FDI-2P,"동사,미래시제,증간형능동태,직설법,2인칭,복수"
V-FDI-2P-ATT,"동사,미래시제,증간형능동태,직설법,2인칭,복수,애틱형태"
V-FDI-2S,"동사,미래시제,증간형능동태,직설법,2인칭,단수"
V-FDI-2S-ATT,"동사,미래시제,증간형능동태,직설법,2인칭,단수,애틱형태"
V-FDI-3P,"동사,미래시제,증간형능동태,직설법,3인칭,복수"
V-FDI-3S,"동사,미래시제,증간형능동태,직설법,3인칭,단수"
V-FDI-3S-ATT,"동사,미래시제,증간형능동태,직설법,3인칭,단수,애틱형태"
V-FDN,"동사,미래시제,증간형능동태,부정법"
V-FDP-ASN,"동사,미래시제,증간형능동태,부정법,직접목적어,단수,중성"
V-FDP-NPM,"동사,미래시제,증간형능동태,부정법,주격,복수,양성"
V-FMI-1P,"동사,미래시제,중간태,직설법,1인칭,복수"
V-FMI-1S,"동사,미래시제,중간태,직설법,1인칭,단수"
V-FMI-2P,"동사,미래시제,중간태,직설법,2인칭,복수"
V-FMI-2S,"동사,미래시제,중간태,직설법,2인칭,단수"
V-FMI-3P,"동사,미래시제,중간태,직설법,3인칭,복수"
V-FMI-3S,"동사,미래시제,중간태,직설법,3인칭,단수"
V-FNI-3P,"동사,미래시제,중간형 또는 수동형능동태,직설법,3인칭,복수"
V-FNI-3S,"동사,미래시제,중간형 또는 수동형능동태,직설법,3인칭,단수"
V-FOI-1S,"동사,미래시제,수동형능동태,직설법,1인칭,단수"
V-FOI-3P,"동사,미래시제,수동형능동태,직설법,3인칭,복수"
V-FOI-3S,"동사,미래시제,수동형능동태,직설법,3인칭,단수"
V-FPI-1P,"동사,미래시제,수동태,직설법,1인칭,복수"
V-FPI-1S,"동사,미래시제,수동태,직설법,1인칭,단수"
V-FPI-2P,"동사,미래시제,수동태,직설법,2인칭,복수"
V-FPI-2S,"동사,미래시제,수동태,직설법,2인칭,단수"
V-FPI-3P,"동사,미래시제,수동태,직설법,3인칭,복수"
V-FPI-3S,"동사,미래시제,수동태,직설법,3인칭,단수"
V-FPP-GPN,"동사,미래시제,수동태,부정법,소유격,복수,중성"
V-FPS-1S,"동사,미래시제,수동태,가정법,1인칭,단수"
V-FXI-1P,"동사,미래시제,무지정태,직설법,1인칭,복수"
V-FXI-1S,"동사,미래시제,무지정태,직설법,1인칭,단수"
V-FXI-2P,"동사,미래시제,무지정태,직설법,2인칭,복수"
V-FXI-2S,"동사,미래시제,무지정태,직설법,2인칭,단수"
V-FXI-3P,"동사,미래시제,무지정태,직설법,3인칭,복수"
V-FXI-3S,"동사,미래시제,무지정태,직설법,3인칭,단수"
V-FXN,"동사,미래시제,무지정태,부정법"
V-FXP-ASN,"동사,미래시제,무지정태,부정법,직접목적어,단수,중성"
V-FXP-NSM,"동사,미래시제,무지정태,부정법,주격,단수,양성"
V-IAI-1P,"동사,미완료과거시제,능동,직설법,1인칭,복수"
V-IAI-1S,"동사,미완료과거시제,능동,직설법,1인칭,단수"
V-IAI-1S-ATT,"동사,미완료과거시제,능동,직설법,1인칭,단수,애틱형태"
V-IAI-2P,"동사,미완료과거시제,능동,직설법,2인칭,복수"
V-IAI-2S,"동사,미완료과거시제,능동,직설법,2인칭,단수"
V-IAI-3P,"동사,미완료과거시제,능동,직설법,3인칭,복수"
V-IAI-3P-ATT,"동사,미완료과거시제,능동,직설법,3인칭,복수,애틱형태"
V-IAI-3S,"동사,미완료과거시제,능동,직설법,3인칭,단수"
V-IAI-3S-ATT,"동사,미완료과거시제,능동,직설법,3인칭,단수,애틱형태"
V-IDI-3P,"동사,미완료과거시제,증간형능동태,직설법,3인칭,복수"
V-IEI-3S,"동사,미완료과거시제,중간 또는 수동태,직설법,3인칭,단수"
V-IMI-1P,"동사,미완료과거시제,중간태,직설법,1인칭,복수"
V-IMI-1S,"동사,미완료과거시제,중간태,직설법,1인칭,단수"
V-IMI-2P,"동사,미완료과거시제,중간태,직설법,2인칭,복수"
V-IMI-2S,"동사,미완료과거시제,중간태,직설법,2인칭,단수"
V-IMI-3P,"동사,미완료과거시제,중간태,직설법,3인칭,복수"
V-IMI-3S,"동사,미완료과거시제,중간태,직설법,3인칭,단수"
V-INI-1P,"동사,미완료과거시제,중간형 또는 수동형능동태,직설법,1인칭,복수"
V-INI-1S,"동사,미완료과거시제,중간형 또는 수동형능동태,직설법,1인칭,단수"
V-INI-2P,"동사,미완료과거시제,중간형 또는 수동형능동태,직설법,2인칭,복수"
V-INI-2P-ATT,"동사,미완료과거시제,중간형 또는 수동형능동태,직설법,2인칭,복수,애틱형태"
V-INI-2S,"동사,미완료과거시제,중간형 또는 수동형능동태,직설법,2인칭,단수"
V-INI-3P,"동사,미완료과거시제,중간형 또는 수동형능동태,직설법,3인칭,복수"
V-INI-3P-ATT,"동사,미완료과거시제,중간형 또는 수동형능동태,직설법,3인칭,복수,애틱형태"
V-INI-3S,"동사,미완료과거시제,중간형 또는 수동형능동태,직설법,3인칭,단수"
V-INI-3S-ATT,"동사,미완료과거시제,중간형 또는 수동형능동태,직설법,3인칭,단수,애틱형태"
V-IPI-1P,"동사,미완료과거시제,수동태,직설법,1인칭,복수"
V-IPI-1S,"동사,미완료과거시제,수동태,직설법,1인칭,단수"
V-IPI-2P,"동사,미완료과거시제,수동태,직설법,2인칭,복수"
V-IPI-3P,"동사,미완료과거시제,수동태,직설법,3인칭,복수"
V-IPI-3S,"동사,미완료과거시제,수동태,직설법,3인칭,단수"
V-IQI-3S,"동사,미완료과거시제,비인격능동,직설법,3인칭,단수"
V-IXI-1P,"동사,미완료과거시제,무지정태,직설법,1인칭,복수"
V-IXI-1S,"동사,미완료과거시제,무지정태,직설법,1인칭,단수"
V-IXI-2P,"동사,미완료과거시제,무지정태,직설법,2인칭,복수"
V-IXI-2S,"동사,미완료과거시제,무지정태,직설법,2인칭,단수"
V-IXI-3P,"동사,미완료과거시제,무지정태,직설법,3인칭,복수"
V-IXI-3S,"동사,미완료과거시제,무지정태,직설법,3인칭,단수"
V-LAI-1S,"동사,과거완료시제,능동,직설법,1인칭,단수"
V-LAI-2P,"동사,과거완료시제,능동,직설법,2인칭,복수"
V-LAI-2S,"동사,과거완료시제,능동,직설법,2인칭,단수"
V-LAI-3P,"동사,과거완료시제,능동,직설법,3인칭,복수"
V-LAI-3P-ATT,"동사,과거완료시제,능동,직설법,3인칭,복수,애틱형태"
V-LAI-3S,"동사,과거완료시제,능동,직설법,3인칭,단수"
V-LAI-3S-ATT,"동사,과거완료시제,능동,직설법,3인칭,단수,애틱형태"
V-LDI-3S,"동사,과거완료시제,증간형능동태,직설법,3인칭,단수"
V-LMI-3P,"동사,과거완료시제,중간태,직설법,3인칭,복수"
V-LPI-3S,"동사,과거완료시제,수동태,직설법,3인칭,단수"
V-PAI-1P,"동사,현재진행시제,능동,직설법,1인칭,복수"
V-PAI-1S,"동사,현재진행시제,능동,직설법,1인칭,단수"
V-PAI-1S-C,"동사,현재진행시제,능동,직설법,1인칭,단수,축약형태"
V-PAI-2P,"동사,현재진행시제,능동,직설법,2인칭,복수"
V-PAI-2S,"동사,현재진행시제,능동,직설법,2인칭,단수"
V-PAI-2S-IRR,"동사,현재진행시제,능동,직설법,2인칭,단수,불규칙형태"
V-PAI-3P,"동사,현재진행시제,능동,직설법,3인칭,복수"
V-PAI-3P (V-PAP-DPM),"동사,현재진행시제,능동,직설법,3인칭,복수；동사,현재진행시제,능동,부정법,간접목적어,복수,양성"
V-PAI-3P-ATT,"동사,현재진행시제,능동,직설법,3인칭,복수,애틱형태"
V-PAI-3S,"동사,현재진행시제,능동,직설법,3인칭,단수"
V-PAM-2P,"동사,현재진행시제,능동,명령법,2인칭,복수"
V-PAM-2S,"동사,현재진행시제,능동,명령법,2인칭,단수"
V-PAM-3P,"동사,현재진행시제,능동,명령법,3인칭,복수"
V-PAM-3S,"동사,현재진행시제,능동,명령법,3인칭,단수"
V-PAN,"동사,현재진행시제,능동,부정법"
V-PAO-2P,"동사,현재진행시제,능동,희구법,2인칭,복수"
V-PAO-2S,"동사,현재진행시제,능동,희구법,2인칭,단수"
V-PAO-3P,"동사,현재진행시제,능동,희구법,3인칭,복수"
V-PAO-3S,"동사,현재진행시제,능동,희구법,3인칭,단수"
V-PAP-APF,"동사,현재진행시제,능동,부정법,직접목적어,복수,음성"
V-PAP-APM,"동사,현재진행시제,능동,부정법,직접목적어,복수,양성"
V-PAP-APN,"동사,현재진행시제,능동,부정법,직접목적어,복수,중성"
V-PAP-ASF,"동사,현재진행시제,능동,부정법,직접목적어,단수,음성"
V-PAP-ASM,"동사,현재진행시제,능동,부정법,직접목적어,단수,양성"
V-PAP-ASN,"동사,현재진행시제,능동,부정법,직접목적어,단수,중성"
V-PAP-DPF,"동사,현재진행시제,능동,부정법,간접목적어,복수,음성"
V-PAP-DPM,"동사,현재진행시제,능동,부정법,간접목적어,복수,양성"
V-PAP-DPN,"동사,현재진행시제,능동,부정법,간접목적어,복수,중성"
V-PAP-DSF,"동사,현재진행시제,능동,부정법,간접목적어,단수,음성"
V-PAP-DSM,"동사,현재진행시제,능동,부정법,간접목적어,단수,양성"
V-PAP-DSN,"동사,현재진행시제,능동,부정법,간접목적어,단수,중성"
V-PAP-GPF,"동사,현재진행시제,능동,부정법,소유격,복수,음성"
V-PAP-GPM,"동사,현재진행시제,능동,부정법,소유격,복수,양성"
V-PAP-GPN,"동사,현재진행시제,능동,부정법,소유격,복수,중성"
V-PAP-GSF,"동사,현재진행시제,능동,부정법,소유격,단수,음성"
V-PAP-GSM,"동사,현재진행시제,능동,부정법,소유격,단수,양성"
V-PAP-GSN,"동사,현재진행시제,능동,부정법,소유격,단수,중성"
V-PAP-NPF,"동사,현재진행시제,능동,부정법,주격,복수,음성"
V-PAP-NPM,"동사,현재진행시제,능동,부정법,주격,복수,양성"
V-PAP-NPN,"동사,현재진행시제,능동,부정법,주격,복수,중성"
V-PAP-NSF,"동사,현재진행시제,능동,부정법,주격,단수,음성"
V-PAP-NSM,"동사,현재진행시제,능동,부정법,주격,단수,양성"
V-PAP-NSN,"동사,현재진행시제,능동,부정법,주격,단수,중성"
V-PAP-VPM,"동사,현재진행시제,능동,부정법,호격,복수,양성"
V-PAP-VSF,"동사,현재진행시제,능동,부정법,호격,단수,음성"
V-PAP-VSM,"동사,현재진행시제,능동,부정법,호격,단수,양성"
V-PAPDP,"동사,현재진행시제,능동,부정법,간접목적어,복수"
V-PAS-1P,"동사,현재진행시제,능동,가정법,1인칭,복수"
V-PAS-1S,"동사,현재진행시제,능동,가정법,1인칭,단수"
V-PAS-2P,"동사,현재진행시제,능동,가정법,2인칭,복수"
V-PAS-2S,"동사,현재진행시제,능동,가정법,2인칭,단수"
V-PAS-3P,"동사,현재진행시제,능동,가정법,3인칭,복수"
V-PAS-3S,"동사,현재진행시제,능동,가정법,3인칭,단수"
V-PDP-NPM,"동사,현재진행시제,증간형능동태,부정법,주격,복수,양성"
V-PEI-1P,"동사,현재진행시제,중간 또는 수동태,직설법,1인칭,복수"
V-PEI-1S,"동사,현재진행시제,중간 또는 수동태,직설법,1인칭,단수"
V-PEI-2P,"동사,현재진행시제,중간 또는 수동태,직설법,2인칭,복수"
V-PEI-3P,"동사,현재진행시제,중간 또는 수동태,직설법,3인칭,복수"
V-PEI-3S,"동사,현재진행시제,중간 또는 수동태,직설법,3인칭,단수"
V-PEM-2P,"동사,현재진행시제,중간 또는 수동태,명령법,2인칭,복수"
V-PEM-2S,"동사,현재진행시제,중간 또는 수동태,명령법,2인칭,단수"
V-PEN,"동사,현재진행시제,중간 또는 수동태,부정법"
V-PEP-ASM,"동사,현재진행시제,중간 또는 수동태,부정법,직접목적어,단수,양성"
V-PEP-DPM,"동사,현재진행시제,중간 또는 수동태,부정법,간접목적어,복수,양성"
V-PEP-DSM,"동사,현재진행시제,중간 또는 수동태,부정법,간접목적어,단수,양성"
V-PEP-GPN,"동사,현재진행시제,중간 또는 수동태,부정법,소유격,복수,중성"
V-PEP-GSF,"동사,현재진행시제,중간 또는 수동태,부정법,소유격,단수,음성"
V-PEP-GSM,"동사,현재진행시제,중간 또는 수동태,부정법,소유격,단수,양성"
V-PEP-NPF,"동사,현재진행시제,중간 또는 수동태,부정법,주격,복수,음성"
V-PEP-NPM,"동사,현재진행시제,중간 또는 수동태,부정법,주격,복수,양성"
V-PEP-NSF,"동사,현재진행시제,중간 또는 수동태,부정법,주격,단수,음성"
V-PMI-1P,"동사,현재진행시제,중간태,직설법,1인칭,복수"
V-PMI-1S,"동사,현재진행시제,중간태,직설법,1인칭,단수"
V-PMI-2P,"동사,현재진행시제,중간태,직설법,2인칭,복수"
V-PMI-2S,"동사,현재진행시제,중간태,직설법,2인칭,단수"
V-PMI-3P,"동사,현재진행시제,중간태,직설법,3인칭,복수"
V-PMI-3S,"동사,현재진행시제,중간태,직설법,3인칭,단수"
V-PMM-2P,"동사,현재진행시제,중간태,명령법,2인칭,복수"
V-PMM-2S,"동사,현재진행시제,중간태,명령법,2인칭,단수"
V-PMM-3P,"동사,현재진행시제,중간태,명령법,3인칭,복수"
V-PMM-3S,"동사,현재진행시제,중간태,명령법,3인칭,단수"
V-PMN,"동사,현재진행시제,중간태,부정법"
V-PMP-APF,"동사,현재진행시제,중간태,부정법,직접목적어,복수,음성"
V-PMP-APM,"동사,현재진행시제,중간태,부정법,직접목적어,복수,양성"
V-PMP-APN,"동사,현재진행시제,중간태,부정법,직접목적어,복수,중성"
V-PMP-ASF,"동사,현재진행시제,중간태,부정법,직접목적어,단수,음성"
V-PMP-ASM,"동사,현재진행시제,중간태,부정법,직접목적어,단수,양성"
V-PMP-ASN,"동사,현재진행시제,중간태,부정법,직접목적어,단수,중성"
V-PMP-DPM,"동사,현재진행시제,중간태,부정법,간접목적어,복수,양성"
V-PMP-DSF,"동사,현재진행시제,중간태,부정법,간접목적어,단수,음성"
V-PMP-DSM,"동사,현재진행시제,중간태,부정법,간접목적어,단수,양성"
V-PMP-GPF,"동사,현재진행시제,중간태,부정법,소유격,복수,음성"
V-PMP-GPM,"동사,현재진행시제,중간태,부정법,소유격,복수,양성"
V-PMP-GPN,"동사,현재진행시제,중간태,부정법,소유격,복수,중성"
V-PMP-GSF,"동사,현재진행시제,중간태,부정법,소유격,단수,음성"
V-PMP-GSM,"동사,현재진행시제,중간태,부정법,소유격,단수,양성"
V-PMP-GSM-T,"동사,현재진행시제,중간태,부정법,소유격,단수,양성,타동사"
V-PMP-GSN,"동사,현재진행시제,중간태,부정법,소유격,단수,중성"
V-PMP-NPF,"동사,현재진행시제,중간태,부정법,주격,복수,음성"
V-PMP-NPM,"동사,현재진행시제,중간태,부정법,주격,복수,양성"
V-PMP-NSF,"동사,현재진행시제,중간태,부정법,주격,단수,음성"
V-PMP-NSM,"동사,현재진행시제,중간태,부정법,주격,단수,양성"
V-PMP-NSN,"동사,현재진행시제,중간태,부정법,주격,단수,중성"
V-PMS-1P,"동사,현재진행시제,중간태,가정법,1인칭,복수"
V-PMS-1S,"동사,현재진행시제,중간태,가정법,1인칭,단수"
V-PMS-2S,"동사,현재진행시제,중간태,가정법,2인칭,단수"
V-PMS-3S,"동사,현재진행시제,중간태,가정법,3인칭,단수"
V-PNI-1P,"동사,현재진행시제,중간형 또는 수동형능동태,직설법,1인칭,복수"
V-PNI-1S,"동사,현재진행시제,중간형 또는 수동형능동태,직설법,1인칭,단수"
V-PNI-1S-C,"동사,현재진행시제,중간형 또는 수동형능동태,직설법,1인칭,단수,축약형태"
V-PNI-2P,"동사,현재진행시제,중간형 또는 수동형능동태,직설법,2인칭,복수"
V-PNI-2S,"동사,현재진행시제,중간형 또는 수동형능동태,직설법,2인칭,단수"
V-PNI-2S-ATT,"동사,현재진행시제,중간형 또는 수동형능동태,직설법,2인칭,단수,애틱형태"
V-PNI-2S-C,"동사,현재진행시제,중간형 또는 수동형능동태,직설법,2인칭,단수,축약형태"
V-PNI-3P,"동사,현재진행시제,중간형 또는 수동형능동태,직설법,3인칭,복수"
V-PNI-3S,"동사,현재진행시제,중간형 또는 수동형능동태,직설법,3인칭,단수"
V-PNI-3S-I,"동사,현재진행시제,중간형 또는 수동형능동태,직설법,3인칭,단수"
V-PNM-2P,"동사,현재진행시제,중간형 또는 수동형능동태,명령법,2인칭,복수"
V-PNM-2S,"동사,현재진행시제,중간형 또는 수동형능동태,명령법,2인칭,단수"
V-PNM-3P,"동사,현재진행시제,중간형 또는 수동형능동태,명령법,3인칭,복수"
V-PNM-3S,"동사,현재진행시제,중간형 또는 수동형능동태,명령법,3인칭,단수"
V-PNN,"동사,현재진행시제,중간형 또는 수동형능동태,부정법"
V-PNO-1S,"동사,현재진행시제,중간형 또는 수동형능동태,희구법,1인칭,단수"
V-PNO-3P,"동사,현재진행시제,중간형 또는 수동형능동태,희구법,3인칭,복수"
V-PNO-3S,"동사,현재진행시제,중간형 또는 수동형능동태,희구법,3인칭,단수"
V-PNP-APF,"동사,현재진행시제,중간형 또는 수동형능동태,부정법,직접목적어,복수,음성"
V-PNP-APM,"동사,현재진행시제,중간형 또는 수동형능동태,부정법,직접목적어,복수,양성"
V-PNP-APN,"동사,현재진행시제,중간형 또는 수동형능동태,부정법,직접목적어,복수,중성"
V-PNP-ASF,"동사,현재진행시제,중간형 또는 수동형능동태,부정법,직접목적어,단수,음성"
V-PNP-ASM,"동사,현재진행시제,중간형 또는 수동형능동태,부정법,직접목적어,단수,양성"
V-PNP-ASN,"동사,현재진행시제,중간형 또는 수동형능동태,부정법,직접목적어,단수,중성"
V-PNP-DPF,"동사,현재진행시제,중간형 또는 수동형능동태,부정법,간접목적어,복수,음성"
V-PNP-DPM,"동사,현재진행시제,중간형 또는 수동형능동태,부정법,간접목적어,복수,양성"
V-PNP-DPN,"동사,현재진행시제,중간형 또는 수동형능동태,부정법,간접목적어,복수,중성"
V-PNP-DSF,"동사,현재진행시제,중간형 또는 수동형능동태,부정법,간접목적어,단수,음성"
V-PNP-DSM,"동사,현재진행시제,중간형 또는 수동형능동태,부정법,간접목적어,단수,양성"
V-PNP-DSN,"동사,현재진행시제,중간형 또는 수동형능동태,부정법,간접목적어,단수,중성"
V-PNP-GPF,"동사,현재진행시제,중간형 또는 수동형능동태,부정법,소유격,복수,음성"
V-PNP-GPM,"동사,현재진행시제,중간형 또는 수동형능동태,부정법,소유격,복수,양성"
V-PNP-GPN,"동사,현재진행시제,중간형 또는 수동형능동태,부정법,소유격,복수,중성"
V-PNP-GSF,"동사,현재진행시제,중간형 또는 수동형능동태,부정법,소유격,단수,음성"
V-PNP-GSM,"동사,현재진행시제,중간형 또는 수동형능동태,부정법,소유격,단수,양성"
V-PNP-GSN,"동사,현재진행시제,중간형 또는 수동형능동태,부정법,소유격,단수,중성"
V-PNP-NPF,"동사,현재진행시제,중간형 또는 수동형능동태,부정법,주격,복수,음성"
V-PNP-NPM,"동사,현재진행시제,중간형 또는 수동형능동태,부정법,주격,복수,양성"
V-PNP-NPN,"동사,현재진행시제,중간형 또는 수동형능동태,부정법,주격,복수,중성"
V-PNP-NSF,"동사,현재진행시제,중간형 또는 수동형능동태,부정법,주격,단수,음성"
V-PNP-NSM,"동사,현재진행시제,중간형 또는 수동형능동태,부정법,주격,단수,양성"
V-PNP-NSN,"동사,현재진행시제,중간형 또는 수동형능동태,부정법,주격,단수,중성"
V-PNP-VPM,"동사,현재진행시제,중간형 또는 수동형능동태,부정법,호격,복수,양성"
V-PNP-VSM,"동사,현재진행시제,중간형 또는 수동형능동태,부정법,호격,단수,양성"
V-PNS-1P,"동사,현재진행시제,중간형 또는 수동형능동태,가정법,1인칭,복수"
V-PNS-1S,"동사,현재진행시제,중간형 또는 수동형능동태,가정법,1인칭,단수"
V-PNS-2P,"동사,현재진행시제,중간형 또는 수동형능동태,가정법,2인칭,복수"
V-PNS-2S,"동사,현재진행시제,중간형 또는 수동형능동태,가정법,2인칭,단수"
V-PNS-3P,"동사,현재진행시제,중간형 또는 수동형능동태,가정법,3인칭,복수"
V-PNS-3S,"동사,현재진행시제,중간형 또는 수동형능동태,가정법,3인칭,단수"
V-POP-NPM,"동사,현재진행시제,수동형능동태,부정법,주격,복수,양성"
V-PPI-1P,"동사,현재진행시제,수동태,직설법,1인칭,복수"
V-PPI-1S,"동사,현재진행시제,수동태,직설법,1인칭,단수"
V-PPI-2P,"동사,현재진행시제,수동태,직설법,2인칭,복수"
V-PPI-2S,"동사,현재진행시제,수동태,직설법,2인칭,단수"
V-PPI-2S-IRR,"동사,현재진행시제,수동태,직설법,2인칭,단수,불규칙형태"
V-PPI-3P,"동사,현재진행시제,수동태,직설법,3인칭,복수"
V-PPI-3S,"동사,현재진행시제,수동태,직설법,3인칭,단수"
V-PPM-2P,"동사,현재진행시제,수동태,명령법,2인칭,복수"
V-PPM-2S,"동사,현재진행시제,수동태,명령법,2인칭,단수"
V-PPM-3P,"동사,현재진행시제,수동태,명령법,3인칭,복수"
V-PPM-3S,"동사,현재진행시제,수동태,명령법,3인칭,단수"
V-PPN,"동사,현재진행시제,수동태,부정법"
V-PPN-2P,"동사,현재진행시제,수동태,부정법,2인칭,복수"
V-PPP-APF,"동사,현재진행시제,수동태,부정법,직접목적어,복수,음성"
V-PPP-APM,"동사,현재진행시제,수동태,부정법,직접목적어,복수,양성"
V-PPP-APN,"동사,현재진행시제,수동태,부정법,직접목적어,복수,중성"
V-PPP-ASF,"동사,현재진행시제,수동태,부정법,직접목적어,단수,음성"
V-PPP-ASM,"동사,현재진행시제,수동태,부정법,직접목적어,단수,양성"
V-PPP-ASN,"동사,현재진행시제,수동태,부정법,직접목적어,단수,중성"
V-PPP-DPM,"동사,현재진행시제,수동태,부정법,간접목적어,복수,양성"
V-PPP-DPN,"동사,현재진행시제,수동태,부정법,간접목적어,복수,중성"
V-PPP-DSF,"동사,현재진행시제,수동태,부정법,간접목적어,단수,음성"
V-PPP-DSM,"동사,현재진행시제,수동태,부정법,간접목적어,단수,양성"
V-PPP-DSN,"동사,현재진행시제,수동태,부정법,간접목적어,단수,중성"
V-PPP-GPM,"동사,현재진행시제,수동태,부정법,소유격,복수,양성"
V-PPP-GPN,"동사,현재진행시제,수동태,부정법,소유격,복수,중성"
V-PPP-GSF,"동사,현재진행시제,수동태,부정법,소유격,단수,음성"
V-PPP-GSM,"동사,현재진행시제,수동태,부정법,소유격,단수,양성"
V-PPP-GSN,"동사,현재진행시제,수동태,부정법,소유격,단수,중성"
V-PPP-NPF,"동사,현재진행시제,수동태,부정법,주격,복수,음성"
V-PPP-NPM,"동사,현재진행시제,수동태,부정법,주격,복수,양성"
V-PPP-NPN,"동사,현재진행시제,수동태,부정법,주격,복수,중성"
V-PPP-NSF,"동사,현재진행시제,수동태,부정법,주격,단수,음성"
V-PPP-NSM,"동사,현재진행시제,수동태,부정법,주격,단수,양성"
V-PPP-NSN,"동사,현재진행시제,수동태,부정법,주격,단수,중성"
V-PPS-1P,"동사,현재진행시제,수동태,가정법,1인칭,복수"
V-PPS-1S,"동사,현재진행시제,수동태,가정법,1인칭,단수"
V-PPS-2P,"동사,현재진행시제,수동태,가정법,2인칭,복수"
V-PPS-3P,"동사,현재진행시제,수동태,가정법,3인칭,복수"
V-PPS-3S,"동사,현재진행시제,수동태,가정법,3인칭,단수"
V-PQI-3S,"동사,현재진행시제,비인격능동,직설법,3인칭,단수"
V-PQN,"동사,현재진행시제,비인격능동,부정법"
V-PQP-APN,"동사,현재진행시제,비인격능동,부정법,직접목적어,복수,중성"
V-PQP-NSN,"동사,현재진행시제,비인격능동,부정법,주격,단수,중성"
V-PQS-3S,"동사,현재진행시제,비인격능동,가정법,3인칭,단수"
V-PXI-1P,"동사,현재진행시제,무지정태,직설법,1인칭,복수"
V-PXI-1S,"동사,현재진행시제,무지정태,직설법,1인칭,단수"
V-PXI-2P,"동사,현재진행시제,무지정태,직설법,2인칭,복수"
V-PXI-2S,"동사,현재진행시제,무지정태,직설법,2인칭,단수"
V-PXI-3P,"동사,현재진행시제,무지정태,직설법,3인칭,복수"
V-PXI-3S,"동사,현재진행시제,무지정태,직설법,3인칭,단수"
V-PXM-2S,"동사,현재진행시제,무지정태,명령법,2인칭,단수"
V-PXM-3P,"동사,현재진행시제,무지정태,명령법,3인칭,복수"
V-PXM-3S,"동사,현재진행시제,무지정태,명령법,3인칭,단수"
V-PXN,"동사,현재진행시제,무지정태,부정법"
V-PXO-2S,"동사,현재진행시제,무지정태,희구법,2인칭,단수"
V-PXO-3S,"동사,현재진행시제,무지정태,희구법,3인칭,단수"
V-PXP-APM,"동사,현재진행시제,무지정태,부정법,직접목적어,복수,양성"
V-PXP-APN,"동사,현재진행시제,무지정태,부정법,직접목적어,복수,중성"
V-PXP-ASF,"동사,현재진행시제,무지정태,부정법,직접목적어,단수,음성"
V-PXP-ASM,"동사,현재진행시제,무지정태,부정법,직접목적어,단수,양성"
V-PXP-ASN,"동사,현재진행시제,무지정태,부정법,직접목적어,단수,중성"
V-PXP-DPM,"동사,현재진행시제,무지정태,부정법,간접목적어,복수,양성"
V-PXP-DPN,"동사,현재진행시제,무지정태,부정법,간접목적어,복수,중성"
V-PXP-DSF,"동사,현재진행시제,무지정태,부정법,간접목적어,단수,음성"
V-PXP-DSM,"동사,현재진행시제,무지정태,부정법,간접목적어,단수,양성"
V-PXP-GPF,"동사,현재진행시제,무지정태,부정법,소유격,복수,음성"
V-PXP-GPM,"동사,현재진행시제,무지정태,부정법,소유격,복수,양성"
V-PXP-GPN,"동사,현재진행시제,무지정태,부정법,소유격,복수,중성"
V-PXP-GSF,"동사,현재진행시제,무지정태,부정법,소유격,단수,음성"
V-PXP-GSM,"동사,현재진행시제,무지정태,부정법,소유격,단수,양성"
V-PXP-GSN,"동사,현재진행시제,무지정태,부정법,소유격,단수,중성"
V-PXP-NPF,"동사,현재진행시제,무지정태,부정법,주격,복수,음성"
V-PXP-NPM,"동사,현재진행시제,무지정태,부정법,주격,복수,양성"
V-PXP-NPN,"동사,현재진행시제,무지정태,부정법,주격,복수,중성"
V-PXP-NSF,"동사,현재진행시제,무지정태,부정법,주격,단수,음성"
V-PXP-NSM,"동사,현재진행시제,무지정태,부정법,주격,단수,양성"
V-PXP-NSN,"동사,현재진행시제,무지정태,부정법,주격,단수,중성"
V-PXS-1P,"동사,현재진행시제,무지정태,가정법,1인칭,복수"
V-PXS-1S,"동사,현재진행시제,무지정태,가정법,1인칭,단수"
V-PXS-2P,"동사,현재진행시제,무지정태,가정법,2인칭,복수"
V-PXS-2S,"동사,현재진행시제,무지정태,가정법,2인칭,단수"
V-PXS-3P,"동사,현재진행시제,무지정태,가정법,3인칭,복수"
V-PXS-3S,"동사,현재진행시제,무지정태,가정법,3인칭,단수"
V-RAI-1P,"동사,현재완료시제,능동,직설법,1인칭,복수"
V-RAI-1P-ATT,"동사,현재완료시제,능동,직설법,1인칭,복수,애틱형태"
V-RAI-1S,"동사,현재완료시제,능동,직설법,1인칭,단수"
V-RAI-1S-ATT,"동사,현재완료시제,능동,직설법,1인칭,단수,애틱형태"
V-RAI-2P,"동사,현재완료시제,능동,직설법,2인칭,복수"
V-RAI-2P-ATT,"동사,현재완료시제,능동,직설법,2인칭,복수,애틱형태"
V-RAI-2S,"동사,현재완료시제,능동,직설법,2인칭,단수"
V-RAI-2S-ATT,"동사,현재완료시제,능동,직설법,2인칭,단수,애틱형태"
V-RAI-3P,"동사,현재완료시제,능동,직설법,3인칭,복수"
V-RAI-3P-ATT,"동사,현재완료시제,능동,직설법,3인칭,복수,애틱형태"
V-RAI-3S,"동사,현재완료시제,능동,직설법,3인칭,단수"
V-RAI-3S-ATT,"동사,현재완료시제,능동,직설법,3인칭,단수,애틱형태"
V-RAM-2P,"동사,현재완료시제,능동,명령법,2인칭,복수"
V-RAN,"동사,현재완료시제,능동,부정법"
V-RAN-ATT,"동사,현재완료시제,능동,부정법,직접목적어"
V-RAP-APM,"동사,현재완료시제,능동,부정법,직접목적어,복수,양성"
V-RAP-APN,"동사,현재완료시제,능동,부정법,직접목적어,복수,중성"
V-RAP-ASF,"동사,현재완료시제,능동,부정법,직접목적어,단수,음성"
V-RAP-ASM,"동사,현재완료시제,능동,부정법,직접목적어,단수,양성"
V-RAP-ASM-C,"동사,현재완료시제,능동,부정법,직접목적어,단수,양성,축약형태"
V-RAP-ASN,"동사,현재완료시제,능동,부정법,직접목적어,단수,중성"
V-RAP-DPM,"동사,현재완료시제,능동,부정법,간접목적어,복수,양성"
V-RAP-DSM,"동사,현재완료시제,능동,부정법,간접목적어,단수,양성"
V-RAP-DSN,"동사,현재완료시제,능동,부정법,간접목적어,단수,중성"
V-RAP-GPM,"동사,현재완료시제,능동,부정법,소유격,복수,양성"
V-RAP-GPN,"동사,현재완료시제,능동,부정법,소유격,복수,중성"
V-RAP-GSF,"동사,현재완료시제,능동,부정법,소유격,단수,음성"
V-RAP-GSM,"동사,현재완료시제,능동,부정법,소유격,단수,양성"
V-RAP-GSM-ATT,"동사,현재완료시제,능동,부정법,소유격,단수,양성,애틱형태"
V-RAP-GSN-ATT,"동사,현재완료시제,능동,부정법,소유격,단수,중성,애틱형태"
V-RAP-NPF,"동사,현재완료시제,능동,부정법,주격,복수,음성"
V-RAP-NPM,"동사,현재완료시제,능동,부정법,주격,복수,양성"
V-RAP-NPM-ATT,"동사,현재완료시제,능동,부정법,주격,복수,양성,애틱형태"
V-RAP-NPM-C,"동사,현재완료시제,능동,부정법,주격,복수,양성,축약형태"
V-RAP-NPN,"동사,현재완료시제,능동,부정법,주격,복수,중성"
V-RAP-NSF,"동사,현재완료시제,능동,부정법,주격,단수,음성"
V-RAP-NSM,"동사,현재완료시제,능동,부정법,주격,단수,양성"
V-RAP-NSM-ATT,"동사,현재완료시제,능동,부정법,주격,단수,양성,애틱형태"
V-RAP-NSN,"동사,현재완료시제,능동,부정법,주격,단수,중성"
V-RAS-1P,"동사,현재완료시제,능동,가정법,1인칭,복수"
V-RAS-1S,"동사,현재완료시제,능동,가정법,1인칭,단수"
V-RAS-2P,"동사,현재완료시제,능동,가정법,2인칭,복수"
V-RAS-2S,"동사,현재완료시제,능동,가정법,2인칭,단수"
V-RDI-3S,"동사,현재완료시제,증간형능동태,직설법,3인칭,단수"
V-REP-NSF,"동사,현재완료시제,중간 또는 수동태,부정법,주격,단수,음성"
V-REP-VSF,"동사,현재완료시제,중간 또는 수동태,부정법,호격,단수,음성"
V-RMI-1S,"동사,현재완료시제,중간태,직설법,1인칭,단수"
V-RMI-2P,"동사,현재완료시제,중간태,직설법,2인칭,복수"
V-RMI-2S,"동사,현재완료시제,중간태,직설법,2인칭,단수"
V-RMI-3S,"동사,현재완료시제,중간태,직설법,3인칭,단수"
V-RMM-2P,"동사,현재완료시제,중간태,명령법,2인칭,복수"
V-RMP-APM,"동사,현재완료시제,중간태,부정법,직접목적어,복수,양성"
V-RMP-ASM,"동사,현재완료시제,중간태,부정법,직접목적어,단수,양성"
V-RMP-DPM,"동사,현재완료시제,중간태,부정법,간접목적어,복수,양성"
V-RMP-GPM,"동사,현재완료시제,중간태,부정법,소유격,복수,양성"
V-RMP-GSF,"동사,현재완료시제,중간태,부정법,소유격,단수,음성"
V-RMP-NPM,"동사,현재완료시제,중간태,부정법,주격,복수,양성"
V-RMP-NSM,"동사,현재완료시제,중간태,부정법,주격,단수,양성"
V-RNI-1P,"동사,현재완료시제,중간형 또는 수동형능동태,직설법,1인칭,복수"
V-RNI-1S,"동사,현재완료시제,중간형 또는 수동형능동태,직설법,1인칭,단수"
V-RNI-3S,"동사,현재완료시제,중간형 또는 수동형능동태,직설법,3인칭,단수"
V-RNN,"동사,현재완료시제,중간형 또는 수동형능동태,부정법"
V-RNP-APM,"동사,현재완료시제,중간형 또는 수동형능동태,부정법,직접목적어,복수,양성"
V-RNP-ASF,"동사,현재완료시제,중간형 또는 수동형능동태,부정법,직접목적어,단수,음성"
V-RNP-DPF,"동사,현재완료시제,중간형 또는 수동형능동태,부정법,간접목적어,복수,음성"
V-RNP-NPM,"동사,현재완료시제,중간형 또는 수동형능동태,부정법,주격,복수,양성"
V-RNP-NSM,"동사,현재완료시제,중간형 또는 수동형능동태,부정법,주격,단수,양성"
V-RPI-1P,"동사,현재완료시제,수동태,직설법,1인칭,복수"
V-RPI-1S,"동사,현재완료시제,수동태,직설법,1인칭,단수"
V-RPI-2P,"동사,현재완료시제,수동태,직설법,2인칭,복수"
V-RPI-2S,"동사,현재완료시제,수동태,직설법,2인칭,단수"
V-RPI-3P,"동사,현재완료시제,수동태,직설법,3인칭,복수"
V-RPI-3S,"동사,현재완료시제,수동태,직설법,3인칭,단수"
V-RPM-2P,"동사,현재완료시제,수동태,명령법,2인칭,복수"
V-RPM-2S,"동사,현재완료시제,수동태,명령법,2인칭,단수"
V-RPN,"동사,현재완료시제,수동태,부정법"
V-RPP-APF,"동사,현재완료시제,수동태,부정법,직접목적어,복수,음성"
V-RPP-APM,"동사,현재완료시제,수동태,부정법,직접목적어,복수,양성"
V-RPP-APN,"동사,현재완료시제,수동태,부정법,직접목적어,복수,중성"
V-RPP-ASF,"동사,현재완료시제,수동태,부정법,직접목적어,단수,음성"
V-RPP-ASM,"동사,현재완료시제,수동태,부정법,직접목적어,단수,양성"
V-RPP-ASN,"동사,현재완료시제,수동태,부정법,직접목적어,단수,중성"
V-RPP-ASN-ATT,"동사,현재완료시제,수동태,부정법,직접목적어,단수,중성,애틱형태"
V-RPP-DPM,"동사,현재완료시제,수동태,부정법,간접목적어,복수,양성"
V-RPP-DPN,"동사,현재완료시제,수동태,부정법,간접목적어,복수,중성"
V-RPP-DSF,"동사,현재완료시제,수동태,부정법,간접목적어,단수,음성"
V-RPP-DSM,"동사,현재완료시제,수동태,부정법,간접목적어,단수,양성"
V-RPP-DSN,"동사,현재완료시제,수동태,부정법,간접목적어,단수,중성"
V-RPP-GPF,"동사,현재완료시제,수동태,부정법,소유격,복수,음성"
V-RPP-GPM,"동사,현재완료시제,수동태,부정법,소유격,복수,양성"
V-RPP-GPN,"동사,현재완료시제,수동태,부정법,소유격,복수,중성"
V-RPP-GSF,"동사,현재완료시제,수동태,부정법,소유격,단수,음성"
V-RPP-GSM,"동사,현재완료시제,수동태,부정법,소유격,단수,양성"
V-RPP-GSN,"동사,현재완료시제,수동태,부정법,소유격,단수,중성"
V-RPP-NPF,"동사,현재완료시제,수동태,부정법,주격,복수,음성"
V-RPP-NPM,"동사,현재완료시제,수동태,부정법,주격,복수,양성"
V-RPP-NPN,"동사,현재완료시제,수동태,부정법,주격,복수,중성"
V-RPP-NSF,"동사,현재완료시제,수동태,부정법,주격,단수,음성"
V-RPP-NSM,"동사,현재완료시제,수동태,부정법,주격,단수,양성"
V-RPP-NSN,"동사,현재완료시제,수동태,부정법,주격,단수,중성"
V-RPP-NSN-ATT,"동사,현재완료시제,수동태,부정법,주격,단수,중성,애틱형태"
V-RPP-VPM,"동사,현재완료시제,수동태,부정법,호격,복수,양성"
V-RPP-VSF,"동사,현재완료시제,수동태,부정법,호격,단수,음성"
V-RPP-VSM,"동사,현재완료시제,수동태,부정법,호격,단수,양성"
V-XXM-2P,"동사,무지정시제,무지정태,명령법,2인칭,복수"
V-XXM-2S,"동사,무지정시제,무지정태,명령법,2인칭,단수"
X-APF,"부정대명사,직접목적어,복수,음성"
X-APM,"부정대명사,직접목적어,복수,양성"
X-APN,"부정대명사,직접목적어,복수,중성"
X-ASF,"부정대명사,직접목적어,단수,음성"
X-ASM,"부정대명사,직접목적어,단수,양성"
X-ASN,"부정대명사,직접목적어,단수,중성"
X-DPM,"부정대명사,간접목적어,복수,양성"
X-DSF,"부정대명사,간접목적어,단수,음성"
X-DSM,"부정대명사,간접목적어,단수,양성"
X-DSN,"부정대명사,간접목적어,단수,중성"
X-GPF,"부정대명사,소유격,복수,음성"
X-GPM,"부정대명사,소유격,복수,양성"
X-GPN,"부정대명사,소유격,복수,중성"
X-GSF,"부정대명사,소유격,단수,음성"
X-GSM,"부정대명사,소유격,단수,양성"
X-GSN,"부정대명사,소유격,단수,중성"
X-NPF,"부정대명사,주격,복수,음성"
X-NPM,"부정대명사,주격,복수,양성"
X-NPN,"부정대명사,주격,복수,중성"
X-NSF,"부정대명사,주격,단수,음성"
X-NSM,"부정대명사,주격,단수,양성"
X-NSN,"부정대명사,주격,단수,중성"